d_gu_name,bjdong_nm,total_cnt,evening_2030_cnt,morning_2030_cnt,afternoon_2030_cnt,late_night_2030_cnt,weekday_2030_cnt,friday_2030_cnt,weekend_2030_cnt,adjusted_mobility_score,mobility_score,residential_dominance_score,young_single_ratio,young_homebound_ratio,evening_2030_ratio,morning_2030_ratio,afternoon_2030_ratio,late_night_2030_ratio,weekday_2030_ratio,friday_2030_ratio,weekend_2030_ratio,commercial_zone_ratio,residential_zone_ratio,food_sales_ratio,daytime_influx_ratio,commercial_potential_score,bjdong_cd,candidate_type,visit_pattern_type,residential_filter
마포구,서강동,1642498.26,97233.53,12811.98,362037.72,38928.63,534217.88,122365.59,190781.84,2.830087203868864,3.9517246783761646,1.6023392492961441,0.3004368980240294,0.04220534207129382,0.11474806538870468,0.015119783461515554,0.4272510518515326,0.04594078792297976,0.6304457755061982,0.1444071270748622,0.22514709741893968,0.0,0.0,0.0,1.0,2.830087203868864,11440655,관찰 필요,생활 밀착형,혼재형 (상권+거주)
용산구,이태원동,1213248.52,94599.51000000001,12667.3,225226.55,50132.52,274635.08999999997,92938.01999999999,212205.68,2.453399001181506,3.5361910352127,1.5468457629017063,0.37271254903304113,0.06320524488052001,0.16004015488250986,0.021937389106087106,0.3933183031407965,0.08420531874052592,0.47700245190457435,0.15906261188569037,0.36393493620973516,0.0,0.0,0.0,1.0,2.703399001181506,11170650,야간 소비형,목적 방문형,혼재형 (상권+거주)
영등포구,여의동,7806770.0,129336.34999999999,275119.07,1270630.6,100240.46,2220882.16,527727.23,578850.15,2.6197263947081266,2.6197263947081266,-0.027530506584676456,0.1506593169044531,0.0517639429312581,0.038869398243682324,0.08268141706690744,0.38186207367077407,0.03012522279985409,0.6674407707448788,0.1585976399280275,0.17396158932709366,0.0,0.0,0.0,1.0,2.6197263947081266,11560540,광역 목적지형,생활 밀착형,방문성 검토
마포구,합정동,1327324.92,80331.53,11041.98,290829.22,26623.57,367965.21,100340.2,208944.93,2.5596485792991306,3.8267903634174685,1.8102025487404827,0.3530507005633396,0.045890509894554385,0.11861423354914817,0.01630413356455458,0.4294264658471784,0.039311268562818295,0.5433222964494931,0.14815821281093783,0.3085194907395691,0.0,0.0,0.0,1.0,2.5596485792991306,11440680,관찰 필요,불명확,혼재형 (상권+거주)
강서구,화곡본동,1050600.09,76287.41,5735.52,100219.3,32523.53,209978.06,48226.51,89439.84,1.9636576220078927,2.7408025444785036,1.1102070321008728,0.2435598265158602,0.04024832043541117,0.21944092240689275,0.016498237379971106,0.28828106282508614,0.09355401399953475,0.6040024057915961,0.13872367457310764,0.25727391963529633,0.0,0.0,0.0,1.0,2.4636576220078927,11500590,야간 소비형,목적 방문형,방문성 검토
영등포구,문래동,2463603.43,93620.95999999999,43989.45,334677.84,32963.91,596538.02,152240.55,228165.87,2.3873359625428856,2.3873359625428856,-0.4631396189398658,0.15770632968016104,0.03194363677029747,0.0958303831485033,0.04502758621565009,0.34257612439045154,0.033741847182220515,0.6106161165111907,0.15583337574447936,0.23355050774432984,0.0,0.0,0.0,1.0,2.3873359625428856,11560605,광역 목적지형,불명확,방문성 검토
영등포구,영등포본동,961703.72,53750.96,5322.05,103731.46,18288.83,163930.34,41137.77,90785.55,1.854546160117557,1.854546160117557,-0.20376361324986642,0.16116561844863733,0.05033682739343116,0.181680902646261,0.017988792161638293,0.3506174640530052,0.06181714973544692,0.5540926551322705,0.1390476967565654,0.3068596481111642,0.0,0.0,0.0,1.0,2.354546160117557,11560515,관찰 필요,목적 방문형,방문성 검토
성동구,왕십리도선동,1761935.69,92364.98,14320.01,223781.79,47103.25,383635.1,90412.8,146649.18,2.3405637776242934,2.3405637776242934,-0.06573635571892486,0.2000353866317169,0.03294495412844037,0.148808465475623,0.023070851243572794,0.36053301555728284,0.07588766165937176,0.6180713787150408,0.14566332420961287,0.23626529707534633,0.0,0.0,0.0,1.0,2.3405637776242934,11200535,관찰 필요,생활 밀착형,방문성 검토
성동구,성수2가동,3319443.3499999996,101384.39,57362.840000000004,687482.05,52167.869999999995,954080.06,244198.16,389976.83,2.2873124025948925,2.6553211075975915,0.5257267214324272,0.26025463482336075,0.05329011526380905,0.07535619117553506,0.03452718208587883,0.42673973278624344,0.03903994322905225,0.5968606411377978,0.15296825013496712,0.250171108727235,0.0,0.0,0.0,1.0,2.2873124025948925,11200690,광역 목적지형,불명확,방문성 검토
강서구,염창동,1578711.55,92142.72,11422.32,160716.38,28584.44,304745.46,70973.74,122236.62,2.2851764304548348,2.2851764304548348,-0.39565080539458314,0.14740111063648012,0.02843229389149936,0.18504195813998117,0.02293842052092091,0.3227522875422964,0.05740356644491071,0.61199296756889,0.14253019474699583,0.2454768376841142,0.0,0.0,0.0,1.0,2.2851764304548348,11500510,관찰 필요,불명확,방문성 검토
마포구,망원동,1745665.31,103720.82,7648.58,304981.4,35064.93,364804.64,93376.57,228920.24,2.0006883998931224,2.4523337538522503,0.4619058276160152,0.2439417880898127,0.04335641879307761,0.1591575169115899,0.011796083589497209,0.43291867554275626,0.05320940434411669,0.537448425060711,0.13518157684754206,0.3273699980917469,0.0,0.0,0.0,1.0,2.2506883998931224,11440700,관찰 필요,목적 방문형,방문성 검토
강남구,압구정동,2975818.14,82063.02,39735.18,505066.51,43896.04,694173.14,184729.85,312662.51,2.187542352803131,2.187542352803131,-1.6798804634594113,0.10049937799893371,0.03931224453527635,0.06886991944630824,0.03334703799329537,0.423868020683714,0.0368389652100535,0.582572372227964,0.15503121733551367,0.2623964104365224,0.0,0.0,0.0,1.0,2.187542352803131,11680545,광역 목적지형,불명확,방문성 검토
용산구,용산2가동,510758.91,31618.28,5119.0199999999995,105983.55,13422.97,111914.26,32408.3,88660.3,2.155667665265624,2.8348248595445513,0.9702245632556106,0.3345980290456432,0.04570539419087137,0.13571075571825328,0.021971659202741353,0.454898484806994,0.057613551486147954,0.48035404836218426,0.13910164893675012,0.3805443027010657,0.0,0.0,0.0,1.0,2.155667665265624,11170520,소규모 2030 집중형,불명확,혼재형 (상권+거주)
용산구,용문동,405902.99,26395.739999999998,2206.44,39958.67,7986.91,74627.84,17782.89,33236.54,1.6477279079906726,1.6477279079906726,-0.9164290157288519,0.1910677156504636,0.037316661983703286,0.21007810197547466,0.01756058846324317,0.3180225881549197,0.06356612443708486,0.5939471665401086,0.14153025370149308,0.26452257975839827,0.0,0.0,0.0,1.0,2.1477279079906726,11170590,관찰 필요,목적 방문형,방문성 검토
성동구,행당동,2724066.2600000002,127657.4,26407.690000000002,366540.49999999994,51285.75,594171.36,136577.34,219697.96000000002,1.8864572736760579,1.8864572736760579,-1.4174909885802176,0.14148978477200544,0.03208729030784241,0.16255725289725192,0.02424345702323242,0.35728721600219404,0.06305841806471058,0.6188019589321049,0.14104382317765984,0.24015421789023525,0.0,0.0,0.0,1.0,2.136457273676058,11200560,관찰 필요,생활 밀착형,방문성 검토
마포구,연남동,997585.09,66040.19,8985.45,245775.58000000002,26971.79,282445.43,76697.26,185474.67,2.1192260451462954,4.185287261731547,2.9515160236932174,0.44255233253588516,0.05896082535885167,0.12125979605203918,0.016498647784565664,0.4512812077822859,0.0495242935333534,0.518612609043531,0.14082779146077898,0.34055959949569,0.0,0.0,0.0,1.0,2.1192260451462954,11440710,관찰 필요,불명확,혼재형 (상권+거주)
은평구,갈현동,1865899.61,103054.95999999999,10903.34,173756.05,40000.79,311762.58999999997,77343.79999999999,145963.38,1.612529878144652,1.612529878144652,-0.4232099671325257,0.16307107597907883,0.04570539412102216,0.19279685879640962,0.02045514578941875,0.32444723908161066,0.07490402662465809,0.5829855643155415,0.14445137931392488,0.2725630563705336,0.0,0.0,0.0,1.0,2.112529878144652,11380551,관찰 필요,목적 방문형,방문성 검토
성동구,성수1가동,2501142.38,88163.35,41746.41,469233.86,40321.69,706649.29,173731.36000000002,264976.22000000003,2.0772368787317164,2.4257542160401053,0.4427126116521764,0.2594468605074729,0.04447455586994191,0.07954181724424891,0.03889056499772535,0.40526349423651553,0.03716908773444812,0.6166155049675512,0.15107566188402127,0.23230883314842748,0.0,0.0,0.0,1.0,2.0772368787317164,11200660,광역 목적지형,생활 밀착형,혼재형 (상권+거주)
용산구,원효로동,1379343.5699999998,87696.36,18389.49,156803.2,35885.28,323905.19,74701.78,117730.01000000001,2.069592589440901,2.2519441898065056,-0.4241121854118002,0.21517555039315434,0.03285964577270897,0.17323433719295295,0.0383842796522903,0.297777732257302,0.07066005300370197,0.6305876284091879,0.145107057671941,0.22430531391887115,0.0,0.0,0.0,1.0,2.069592589440901,11170560,관찰 필요,생활 밀착형,방문성 검토
강남구,청담동,2778429.58,87734.61,51174.48,432932.4,61057.0,697836.28,174559.41,259746.21,2.069275391136059,2.35788609556056,0.412301006320716,0.2174990043807248,0.04420815080313288,0.07749435826021456,0.0452014716529792,0.3824011813360146,0.053930518780375504,0.616385878837273,0.15418509817541426,0.22942902298731283,0.0,0.0,0.0,1.0,2.069275391136059,11680565,광역 목적지형,생활 밀착형,방문성 검토
강남구,신사동,2080383.36,64888.92,22378.829999999998,367412.08,27020.36,525787.73,139512.8,205246.03,2.014290045811065,2.2914857201748173,0.39599382051964616,0.26104171468080206,0.048294537911961276,0.07453813843110241,0.025706643421806178,0.4220475927215197,0.03103838581591776,0.6039742779524624,0.16025886082417,0.2357668612233675,0.0,0.0,0.0,1.0,2.014290045811065,11680510,광역 목적지형,불명확,방문성 검토
성동구,송정동,317331.5,23129.260000000002,3280.96,37356.98,11097.53,75891.09,17773.03,26740.0,1.979356059828923,2.1170155264755763,0.19665638092379037,0.2660715332746995,0.04883318674875403,0.19209691495606632,0.027249565878642693,0.310263303282313,0.09216902212316323,0.6303030992627162,0.14761147708234568,0.22208542365493805,0.0,0.0,0.0,1.0,1.979356059828923,11200720,소규모 2030 집중형,생활 밀착형,방문성 검토
마포구,도화동,1208524.31,56383.47,13397.56,148180.29,19419.0,268121.79,66128.12,101553.89,1.9616681087889878,1.9616681087889878,-0.20335465973635192,0.20166450356911095,0.0361404931862427,0.12937810546856177,0.030742182606025924,0.34001605768467374,0.04455904239476572,0.615235089735335,0.15173828222700214,0.23302662803766283,0.0,0.0,0.0,1.0,1.9616681087889878,11440585,관찰 필요,불명확,방문성 검토
강동구,천호동,4027147.42,231401.55000000002,21199.17,417631.92000000004,82592.76000000001,725191.87,171818.72,333153.55,1.6083887556336247,2.0821095656342976,0.48227384597151907,0.21718098065200864,0.04101699482827676,0.19509735137477768,0.017241324847906307,0.33216882093052047,0.0701052618775272,0.5936011432270337,0.1389098782834488,0.2674889784895176,0.0,0.0,0.0,1.0,1.941722088966958,11740620,야간 소비형,목적 방문형,방문성 검토
마포구,염리동,1039865.0599999999,41753.7,10465.69,191618.64,13997.27,235708.03,57011.16,120885.84,1.9176256915234728,1.9746491520474694,0.08146208646285208,0.22640130114706386,0.03813045711350796,0.10095065816776937,0.025303584920135038,0.46328894984666896,0.03384211744233381,0.5698867588723473,0.13783961960037092,0.2922736215272817,0.0,0.0,0.0,1.0,1.9176256915234728,11440610,관찰 필요,불명확,방문성 검토
관악구,미성동,1082442.99,57674.15,7511.24,90747.23,22369.71,177103.9,40076.69,76623.72,1.4084774328183907,1.6452058748192355,0.3381834885726356,0.20503464965350346,0.03885161148388516,0.19630123873948616,0.025565452052081876,0.3088696350302009,0.07613812744952585,0.6027954457169127,0.13640606565642283,0.2607984886266645,0.0,0.0,0.0,1.0,1.9084774328183907,11620765,관찰 필요,목적 방문형,방문성 검토
용산구,후암동,600620.6,35233.72,5330.32,78442.92,12071.83,121378.18000000001,29641.89,57651.86,1.8742578584249021,1.8933989364343995,0.027344397156424866,0.23776067718353214,0.035929203539823006,0.16884743434346922,0.025544020223515446,0.37591505479438464,0.05785076124038341,0.5816698968567551,0.14205020291900305,0.276279900224242,0.0,0.0,0.0,1.0,1.8742578584249021,11170510,관찰 필요,불명확,방문성 검토
성동구,옥수동,1179376.87,57275.95,7305.2,107375.71,23587.39,191258.81,43951.43,83611.53,1.3727370050823908,1.3727370050823908,-1.7014747452537682,0.11087267943283147,0.022610729425522585,0.1796488050361178,0.022913115374775063,0.3367891408419193,0.07398299683236813,0.5998925669348112,0.1378557994957496,0.2622516335694391,0.0,0.0,0.0,1.0,1.8727370050823908,11200645,관찰 필요,목적 방문형,방문성 검토
강서구,등촌동,4268481.79,205970.18,61105.78,515528.41000000003,102824.2,920556.8300000001,218745.28,370339.57,1.6919532301927098,2.320880038685938,0.1459796466880663,0.21269319347427884,0.039542744769424515,0.16284274249098557,0.033676155563949005,0.3262585015295936,0.06840460136186359,0.6089450608888933,0.14434860800937385,0.24670633110173287,0.0,0.0,0.0,1.0,1.8586198968593763,11500530,관찰 필요,목적 방문형,방문성 검토
동작구,노량진동,2268738.58,142921.43,40880.93,355529.86,59572.049999999996,624520.1,144265.8,232959.15999999997,1.8562089725299213,3.017101896083763,1.6584184622197742,0.29341378447450545,0.059885462691693314,0.13142132949182464,0.04219984014887394,0.36165743094629976,0.05727894596267526,0.6305650771374632,0.14470548026899777,0.22472944259353897,0.0,0.0,0.0,1.0,1.8562089725299213,11590510,관찰 필요,불명확,혼재형 (상권+거주)
관악구,서원동,1071330.11,113723.86,6088.38,163601.43,39147.32,301283.34,76641.6,153219.72,1.3276061752621113,4.93956200555383,5.159936900416741,0.5522457209427368,0.08513307644054127,0.21411089777312267,0.011462752915561647,0.3080167086684068,0.07370368742858113,0.5672340563491686,0.14429515303796897,0.2884707906128624,0.0,0.0,0.0,1.0,1.8276061752621113,11620645,핵심 후보형,목적 방문형,혼재형 (상권+거주)
중구,황학동,585111.78,43851.9,3893.66,68099.31999999999,19196.02,129063.58,32395.8,59562.36,1.3151562103113474,2.6393886974177074,1.8917606958662285,0.38298561151079136,0.051940447641886496,0.19840536953514168,0.017616638073702614,0.30811141021693156,0.0868512753541801,0.5839406566973909,0.14657291178686765,0.2694864315157414,0.0,0.0,0.0,1.0,1.8151562103113474,11140670,소규모 2030 집중형,목적 방문형,혼재형 (상권+거주)
구로구,신도림동,1711766.64,79877.04,13478.75,191661.28,26699.78,301623.57,71986.72,155780.17,1.811516710986821,1.811516710986821,-1.3924418468613609,0.10002388458966276,0.02353778542084647,0.15088492527802636,0.02546088571373198,0.3620414315739653,0.0504349473921385,0.5697563382611769,0.1359803877085356,0.2942632740302876,0.0,0.0,0.0,1.0,1.811516710986821,11530510,광역 목적지형,불명확,방문성 검토
중랑구,망우본동,1662828.31,74635.37,10224.29,145727.34,33494.14,256587.33,59465.83,112493.39,1.3057573914412475,1.3229180109935283,0.024515170788972737,0.17077581760033012,0.0407943877024657,0.17415930661441562,0.023858061627144125,0.340050199914105,0.07815753037797178,0.5987385267714791,0.1387616584476062,0.2624998147809147,0.0,0.0,0.0,1.0,1.8057573914412475,11260655,관찰 필요,목적 방문형,방문성 검토
영등포구,도림동,655928.26,43277.04,3869.42,62088.45,15857.869999999999,123860.18,28084.0,53708.14,1.29675628417582,2.041320390526327,1.063663009072153,0.26319897450505625,0.052619285002136446,0.21043788856843434,0.018815348156539152,0.3019097961063605,0.07711009532982657,0.6022795171967911,0.13656057952567713,0.2611599032775317,0.0,0.0,0.0,1.0,1.79675628417582,11560585,관찰 필요,목적 방문형,방문성 검토
광진구,자양동,5248936.05,279270.08999999997,41145.74,708324.44,102863.11,1079069.48,261487.19,518622.30999999994,1.765467270939927,2.2947254367897676,0.23706409534719397,0.21387216700242057,0.04116073641476074,0.15299466648075608,0.022133489980075496,0.37744216083298326,0.05674628468998663,0.5837366943526694,0.14038464884104532,0.27587865680628526,0.0,0.0,0.0,1.0,1.765467270939927,11215847,광역 목적지형,불명확,방문성 검토
은평구,녹번동,1461587.2,76225.77,8740.18,127962.65,31845.75,249908.93,57177.01,97539.69,1.750489704743885,1.750489704743885,-0.4309772051664965,0.16112097550540164,0.02937854315969623,0.18838591613684977,0.02160065836659927,0.316249492154019,0.07870423334280628,0.6176300052965008,0.14130842378917025,0.2410615709143289,0.0,0.0,0.0,1.0,1.750489704743885,11380510,관찰 필요,생활 밀착형,방문성 검토
마포구,성산동,2489743.6100000003,156501.42,22693.06,296373.5,62880.14,519548.73,118743.07,237668.07,1.4974867760972717,2.5503135889733946,1.504038304108747,0.30361532481053566,0.04289741093541198,0.17660655504723755,0.024794840456385973,0.34146784030315325,0.07101653086514485,0.5968202373102197,0.1366940838760474,0.2664856788137329,0.0,0.0,0.0,1.0,1.7474867760972717,11440730,광역 목적지형,목적 방문형,혼재형 (상권+거주)
중랑구,면목본동,1078701.45,62605.79,4521.9,91599.59,22747.81,180075.51,41019.32,75534.43,1.2472638680094863,1.8684462528197185,0.8874034068717602,0.21788946135831383,0.04749695550351288,0.21105736500842837,0.01524428170032855,0.3088015996803552,0.07668768077700763,0.6070726468454258,0.13828480710230676,0.2546425460522674,0.0,0.0,0.0,1.0,1.7472638680094863,11260565,관찰 필요,목적 방문형,방문성 검토
강남구,삼성동,5930234.8,137138.85,138831.65,952408.25,90246.36,1589603.78,397460.63,474355.85,1.743562361338361,2.1584968814799894,0.055946497267496675,0.2230220251034469,0.04089170167913618,0.06904580793499093,0.055090951991251774,0.3664117388721226,0.042449943490277614,0.6577225771333488,0.16042946313655468,0.18184795973009654,0.0,0.0,0.0,1.0,1.743562361338361,11680580,광역 목적지형,생활 밀착형,방문성 검토
용산구,효창동,572490.44,29632.01,6985.0,77209.77,12423.880000000001,136631.89,26986.65,43673.78,1.7269714741745807,1.7269714741745807,-1.0277531794955135,0.1858389694041868,0.04157165861513687,0.14294793941232362,0.03369637620921026,0.3724680682815456,0.059934106579539466,0.6591266381697113,0.1301864439550872,0.21068691787520155,0.0,0.0,0.0,1.0,1.7269714741745807,11170580,소규모 2030 집중형,생활 밀착형,방문성 검토
송파구,가락본동,2033026.05,78212.85,32024.329999999998,218153.85,37806.88,446668.23,104717.26,126732.92,1.7223469140513177,1.7223469140513177,-0.3555838407337819,0.16762999385371852,0.0350719114935464,0.11533804251089423,0.04722527736711941,0.32170465627087164,0.05575262290843865,0.6586876619379792,0.15442326657965236,0.18688907148236839,0.0,0.0,0.0,1.0,1.7223469140513177,11710620,광역 목적지형,생활 밀착형,방문성 검토
마포구,아현동,1385301.02,67864.7,14061.85,137503.66,29221.16,274154.12,63561.92,95449.18,1.7168716446242245,1.7168716446242245,-1.0841778691891846,0.12136099955377065,0.028424810352521198,0.1566716275143235,0.03246301722931495,0.3174392902551133,0.06745961737186564,0.632908893285569,0.1467382815268502,0.22035282518758084,0.0,0.0,0.0,1.0,1.7168716446242245,11440555,관찰 필요,생활 밀착형,방문성 검토
용산구,한강로동,4326436.04,149576.31,61883.18,1003016.78,52338.51,1134836.44,315419.92,698858.51,1.7028276186637628,3.684927812846186,2.8315717059748904,0.38080669710806697,0.06324527071102413,0.0695990298554865,0.028794728873659508,0.46671157228557075,0.024353519083882193,0.528048293667988,0.1467673619512018,0.3251843443808101,0.0,0.0,0.0,1.0,1.7028276186637628,11170625,광역 목적지형,불명확,혼재형 (상권+거주)
성동구,왕십리동,636033.28,38873.69,4577.1,59429.92,18264.3,122307.93,26346.86,46432.77,1.6904524203340434,1.6904524203340434,-0.1997728223885621,0.19670809943865278,0.048139534883720934,0.19926278231169636,0.02346177275475689,0.3046320329189621,0.09362103867617187,0.6269386423204022,0.13505146099525772,0.23800989668434008,0.0,0.0,0.0,1.0,1.6904524203340434,11200520,관찰 필요,생활 밀착형,방문성 검토
관악구,낙성대동,1457674.32,125524.54,11310.61,250945.11,34569.07,433827.88,109116.18,187776.06,1.6827893935760558,4.544871508386279,4.088688735443177,0.49248804565787446,0.05677464136973624,0.17178196762941192,0.01547871707706639,0.34342165095987776,0.047308222469637215,0.5936991032900532,0.14932691329205497,0.2569739834178919,0.0,0.0,0.0,1.0,1.6827893935760558,11620585,관찰 필요,불명확,혼재형 (상권+거주)
마포구,공덕동,1668560.56,94170.97,17148.27,180753.02,41335.37,363911.17,83534.13,125568.33,1.6737180142757855,2.427076027856395,1.0762257336865853,0.2416732798649219,0.03941831996623047,0.16434333333397322,0.02992646091158425,0.3154427932194213,0.07213680065516069,0.6350829211514567,0.14578035429977468,0.2191367245487686,0.0,0.0,0.0,1.0,1.6737180142757855,11440565,광역 목적지형,생활 밀착형,방문성 검토
송파구,송파동,2262045.47,124152.29000000001,14040.67,337002.77,41414.06,467846.18,117718.40999999999,257122.19,1.4040793155741234,1.99377053624032,-0.45537087167764656,0.1992421507060457,0.03195163142447016,0.15992705832567422,0.019528368546673846,0.3783287781542735,0.05664960500245192,0.5738782962137119,0.13908892487891733,0.2870327789073708,0.0,0.0,0.0,1.0,1.6540793155741234,11710580,광역 목적지형,불명확,혼재형 (상권+거주)
동대문구,답십리동,2223268.59,120317.5,14852.68,199693.12,54775.08,394471.29000000004,89193.58,155409.97,1.6540732719439029,1.6757009362876776,-0.5460882789578018,0.15562227360223496,0.03649244680590907,0.18789992678933304,0.02316258221713023,0.31301763680718964,0.08574074163901485,0.6173455523331086,0.13954952906476173,0.2431049186021298,0.0,0.0,0.0,1.0,1.6540732719439029,11230600,관찰 필요,생활 밀착형,방문성 검토
광진구,중곡동,3274042.23,184114.46,22022.45,328358.2,72389.93,597692.02,139070.74,261058.06,1.401851363098836,1.8222956098161396,0.4351102378925313,0.23790700064557513,0.04348187625134451,0.18508945234561824,0.02270417404900518,0.32580537539306326,0.07355814480597414,0.6016309028707032,0.1398636117715878,0.25850548535770906,0.0,0.0,0.0,1.0,1.651851363098836,11215740,관찰 필요,목적 방문형,방문성 검토
강서구,화곡동,6341162.49,369482.0,45308.1,655734.29,149415.79,1217351.94,284978.46,515023.57999999996,1.4825341135482126,1.833818287562991,-0.1493598668998236,0.18608595101185532,0.03655428652421951,0.19145473836979618,0.021055380983165718,0.32086243543482046,0.07731366479715039,0.6054946142335563,0.1406933183204523,0.25381206744599133,0.0,0.0,0.0,1.0,1.6492007802148791,11500591,관찰 필요,불명확,방문성 검토
동작구,흑석동,1933339.14,86411.63,19780.489999999998,346858.36,30123.86,554727.23,112179.67,114948.02,1.6414021789352016,2.554156380995906,1.3039345743724349,0.23012316367413563,0.04805089775931147,0.1105213100149066,0.02529943790594807,0.4436351951331328,0.0385287081137764,0.7095014890997935,0.14347888224582636,0.14701962865438,0.0,0.0,0.0,1.0,1.6414021789352016,11590605,관찰 필요,생활 밀착형,혼재형 (상권+거주)
은평구,신사동,1500066.73,80212.29,7101.99,121715.01999999999,36661.49,236445.97000000003,53705.95,99279.27,1.1388493258280332,1.1388493258280332,-1.132238495294784,0.14341004226888976,0.028687883464347797,0.20671241728626383,0.01859279162424783,0.3132195626058776,0.09343009428738143,0.6078608325856738,0.1375601737176504,0.2545789936966758,0.0,0.0,0.0,1.0,1.6388493258280332,11380631,관찰 필요,목적 방문형,방문성 검토
마포구,서교동,5209487.53,304748.68,47840.69,1372129.51,113241.28,1603902.94,450992.66,966567.32,1.6386870786616585,5.301480957343606,5.232562683831354,0.5421915126839962,0.08554181020983401,0.10086130065762978,0.01583361810708569,0.45412753567732017,0.03747895737869919,0.5308365458941326,0.1492630132955595,0.3199004408103079,0.0,0.0,0.0,1.0,1.6386870786616585,11440660,광역 목적지형,불명확,혼재형 (상권+거주)
관악구,인헌동,971019.29,85758.8,5149.29,113851.91,23386.61,234027.86000000002,53329.25,98529.33,1.1253545113910115,3.7065849752458653,3.68747209122122,0.4870552036199095,0.049809954751131216,0.2222384388526324,0.01334405531326781,0.2950399345465469,0.060604902312711484,0.6064682138092233,0.13819933657166084,0.25533244961911594,0.0,0.0,0.0,1.0,1.6253545113910115,11620625,야간 소비형,목적 방문형,혼재형 (상권+거주)
영등포구,당산동,3386342.27,201679.29,42488.4,444678.29,61681.94,864737.51,206437.91,309981.05,1.5970633222187653,2.9807164379964135,1.9766473082537828,0.33770319126771553,0.04067148201961745,0.14546881784334614,0.03038659305063462,0.3245288904164128,0.04476435928011596,0.6243605206107534,0.1492314920030947,0.22640798738615192,0.0,0.0,0.0,1.0,1.5970633222187653,11560550,광역 목적지형,생활 밀착형,방문성 검토
은평구,역촌동,1827077.12,91191.95,10023.92,149222.4,40071.66,281961.32,65254.6,116877.93,1.5887933492564819,1.65054910017491,0.08822250131204021,0.15676050815558343,0.038706869510664994,0.19649463141991647,0.021598907203790787,0.32153496539546905,0.08634387204226043,0.6075523732969097,0.14060647431548598,0.25184115238760435,0.0,0.0,0.0,1.0,1.5887933492564819,11380625,야간 소비형,불명확,방문성 검토
은평구,증산동,477718.65,27046.96,2771.24,39793.55,13148.69,79633.65,17487.2,33615.51,1.0463251032845267,1.0463251032845267,-1.6364056945551808,0.13017810686411846,0.02685811486892135,0.20688169687453437,0.021197163512889604,0.3043801280684272,0.10057408665806514,0.6091163162260292,0.1337592694182399,0.2571244143557309,0.0,0.0,0.0,1.0,1.5463251032845267,11380640,관찰 필요,목적 방문형,방문성 검토
성동구,금호2·3가동,839852.12,47499.22,5922.8,72252.18000000001,19697.16,140179.71,31060.25,57151.08,1.5312507712622032,1.5312507712622032,-1.160790050526711,0.12759899037703107,0.036871746332229054,0.20797321996519652,0.025932716099545762,0.3163529532507055,0.08624313808457634,0.6137706190225325,0.13599592173143044,0.25023345924603696,0.0,0.0,0.0,1.0,1.5312507712622032,11200615,관찰 필요,불명확,방문성 검토
은평구,수색동,824732.79,45167.49,5698.08,79400.62,19898.329999999998,144752.88,32687.57,60071.2,1.5203699679065457,1.5203699679065457,-1.2750370636465302,0.15995849802371542,0.02358893280632411,0.19016957694496248,0.023990738980593163,0.33430200160707907,0.08377833255758191,0.6094559151098483,0.13762512280976533,0.2529189620803864,0.0,0.0,0.0,1.0,1.5203699679065457,11380650,관찰 필요,불명확,방문성 검토
용산구,한남동,1749324.17,68395.34,30690.7,336664.91,40883.66,435026.1,118902.21,224966.9,1.5196328805059145,2.7082050008449143,1.697960171912857,0.35869029035279426,0.0426397127692788,0.08781070819526544,0.03940286139389662,0.4322338944670105,0.052489294419977246,0.5585168510665254,0.15265495085019204,0.2888281980832826,0.0,0.0,0.0,1.0,1.5196328805059145,11170685,광역 목적지형,불명확,혼재형 (상권+거주)
동작구,상도동,4835368.95,314874.39999999997,30834.83,625678.77,101055.76,1138457.33,238206.2,357942.95999999996,1.5135535759953491,2.5469517635525354,1.4762831250816948,0.2731815949114495,0.04817813881230334,0.19953380621627714,0.017496536485590075,0.3333745739988273,0.06394156145883464,0.6371759708628713,0.13750736959554402,0.22531665954158472,0.0,0.0,0.0,1.0,1.5135535759953491,11590540,관찰 필요,생활 밀착형,방문성 검토
송파구,방이동,2929463.4,200686.64,22303.980000000003,366247.5,66130.77,626017.1799999999,167206.94,315254.08999999997,1.2603865093561275,2.2465803241417683,0.8358932994455529,0.27261431926278795,0.0448173318518398,0.1658865881905897,0.02178693956965909,0.349026790633316,0.05614777625009494,0.5739990734101035,0.1491738938788805,0.2768270327110161,0.0,0.0,0.0,1.0,1.5103865093561275,11710562,광역 목적지형,목적 방문형,혼재형 (상권+거주)
강남구,세곡동,1778161.96,86937.52,18019.52,164563.68,30069.59,310953.29,70019.97,112853.94,1.5088702814020358,1.7875323047479919,0.3980886047799372,0.21041659538066723,0.02745594525235244,0.1760484639161229,0.03648952508083799,0.33324142534068596,0.06089091487872681,0.629680361875571,0.14179042790676577,0.22852921021766318,0.0,0.0,0.0,1.0,1.5088702814020358,11680700,관찰 필요,생활 밀착형,방문성 검토
영등포구,양평동,2461747.83,133444.02,31587.840000000004,303786.1,43364.149999999994,580450.1599999999,134808.33,203923.7,1.4949600181318874,2.3668194821643613,1.2455135200463914,0.29878610515235166,0.042526467298876026,0.14506773238927725,0.03415920480572425,0.33116305029776916,0.0470327254645123,0.631257335218055,0.14660881966164263,0.22213384512030232,0.0,0.0,0.0,1.0,1.4949600181318874,11560620,관찰 필요,생활 밀착형,방문성 검토
마포구,상암동,2587165.1,77870.59,61997.34,354010.62,49510.96,699199.32,155419.82,161870.48,1.4893377858731927,2.0924545536349295,0.8615953825167671,0.26118347599553404,0.03927800521027168,0.07660736368365473,0.06099161150312582,0.34826781605502277,0.04870778709968529,0.6878568223844725,0.15289858050886934,0.15924459710665811,0.0,0.0,0.0,1.0,1.4893377858731927,11440740,광역 목적지형,생활 밀착형,방문성 검토
서초구,서초동,11759700.979999999,354481.59,229328.72,1591944.73,171508.96,2935872.13,711730.5700000001,824556.53,1.4827748073865075,2.0765106616017954,0.39078034997127836,0.24165213989891213,0.036168085112785665,0.0808849280856786,0.05169630385138201,0.35709315941021236,0.03926116465756653,0.6574169371876304,0.15868815590837285,0.18389490690399674,0.0,0.0,0.0,1.0,1.4827748073865075,11650531,광역 목적지형,생활 밀착형,방문성 검토
성북구,석관동,1375441.15,72626.69,9361.27,125981.35,34898.22,244380.17,53384.28,90875.25,1.4784576291969,1.7430349718770115,0.37796763240015935,0.1959127798963528,0.03967536912095434,0.18687408929144397,0.024087271578276743,0.32415975516654627,0.08979581859496083,0.6288090743174205,0.13736188042549435,0.23382904525708514,0.0,0.0,0.0,1.0,1.4784576291969,11290810,관찰 필요,생활 밀착형,방문성 검토
관악구,난곡동,604253.99,36607.68,2698.89,48893.409999999996,13541.12,104034.39,22704.02,40499.37,1.4713788470745752,1.5209522274863336,0.07081911487394071,0.15912203913491246,0.0587705973223481,0.218895993477072,0.01613804010074757,0.29235864049379273,0.08096926424160857,0.6220746891043399,0.13575891763212833,0.24216639326353173,0.0,0.0,0.0,1.0,1.4713788470745752,11620775,관찰 필요,생활 밀착형,방문성 검토
은평구,불광동,2311588.98,121404.02,11949.470000000001,183335.52000000002,50008.08,360576.29000000004,81785.78,148444.06,1.4696107398154843,1.5277352846641468,-0.11019721593508092,0.1766002550262607,0.03656817562497401,0.2062360990908541,0.02010637290655036,0.31031701462443506,0.0846887220419523,0.6101606635420453,0.13837357228630653,0.2514657641716481,0.0,0.0,0.0,1.0,1.4696107398154843,11380520,야간 소비형,불명확,방문성 검토
구로구,개봉동,2787149.74,140341.43,13757.47,226111.08000000002,53872.729999999996,434273.10000000003,97523.37,180690.77000000002,1.1214034153068155,1.1214034153068155,-2.131722592871864,0.07734521922757412,0.026582537986700194,0.1956229779356454,0.01961339418541098,0.31840339548612,0.07531449670222513,0.6107228338080753,0.13624935415489234,0.25302781203703234,0.0,0.0,0.0,1.0,1.4547367486401488,11530750,관찰 필요,목적 방문형,방문성 검토
중랑구,묵동,1911519.8,99370.23000000001,10240.18,159554.32,40735.6,306583.56,70034.67,127592.65,1.1929944624424498,1.3200969168164014,-0.008926003456590947,0.18338234667386083,0.047301962860002655,0.19949257775085438,0.019860296970241862,0.312329228154616,0.08372800724033355,0.6095900214587566,0.1382004640554371,0.2522095144858063,0.0,0.0,0.0,1.0,1.4429944624424498,11260620,관찰 필요,목적 방문형,방문성 검토
강북구,삼양동,841110.68,40781.58,3999.74,60147.04,19491.93,114391.59,25852.35,49391.38,0.9358222754059699,0.9358222754059699,-1.3998293984443944,0.10515248065543922,0.04021392808375057,0.21505266002135046,0.02109174598909106,0.3171721386079344,0.10278639021464989,0.6032187991140047,0.1363266610882403,0.26045453979775496,0.0,0.0,0.0,1.0,1.43582227540597,11305534,관찰 필요,목적 방문형,방문성 검토
성동구,금호4가동,546762.12,28608.74,2868.7599999999998,48349.67,12007.18,87089.5,21014.78,38428.73,0.9206610836827115,0.9206610836827115,-1.8649836437652956,0.13124778537079218,0.02751202227284232,0.1952375099644783,0.019577568221658723,0.3299575297061051,0.08194180956222764,0.5943336590164905,0.1434132827818114,0.26225305820169803,0.0,0.0,0.0,1.0,1.4206610836827114,11200620,관찰 필요,목적 방문형,방문성 검토
성북구,보문동,704776.33,41797.39,4351.37,96981.3,16756.97,161477.51,36375.2,60529.36,1.4113850961662195,2.1380749745917513,1.0381283977507596,0.3028909681115142,0.047739163643307235,0.16176582995871192,0.016840835743749557,0.3753406728260982,0.06485345519524632,0.6249563292065893,0.14078066639840758,0.2342630043950031,0.0,0.0,0.0,1.0,1.4113850961662195,11290610,소규모 2030 집중형,생활 밀착형,혼재형 (상권+거주)
동작구,사당동,4588452.98,272164.89,28470.07,492805.55000000005,84688.72,894363.96,220265.46,382242.72,1.4033552659770017,2.04090945547171,0.5273060013456918,0.2573737282282777,0.04107475387183772,0.19262411320897796,0.019983161172543187,0.32151235651375204,0.061460547952308445,0.6082347808142435,0.1435941083846343,0.2481711108011222,0.0,0.0,0.0,1.0,1.4033552659770017,11590640,관찰 필요,불명확,방문성 검토
서초구,잠원동,1855539.72,72402.02,22242.87,190645.95,46082.29,340857.82,84181.23,132262.34,1.3981750211909145,1.3981750211909145,-0.5717038372609142,0.16948865053629333,0.02608880019955101,0.12991537666898695,0.039911743266960086,0.3420876987225889,0.08268827393378653,0.6116220524768474,0.15105153425151155,0.23732641327164103,0.0,0.0,0.0,1.0,1.3981750211909145,11650540,광역 목적지형,불명확,방문성 검토
중구,중림동,608174.62,26657.7,7118.2,79228.0,10738.81,130067.63,32095.39,52746.21,1.3981550668567082,1.3981550668567082,-1.6103920624842287,0.17434215046375814,0.027076605977327375,0.12404167098825862,0.033121890576779785,0.3686579678313491,0.04996904972392297,0.6052212368915006,0.14934393464626902,0.2454348284622303,0.0,0.0,0.0,1.0,1.3981550668567082,11140680,관찰 필요,불명확,방문성 검토
관악구,성현동,883830.83,47758.52,3301.31,63547.32,15237.14,127593.44,29078.37,52987.93,1.3779043010020908,1.3779043010020908,-1.5879553786884126,0.10378734963135429,0.026547665243823567,0.22779060968023712,0.015746036888150294,0.30309739008547854,0.07267556470307557,0.6085738730764428,0.13869315110282976,0.25273297582072746,0.0,0.0,0.0,1.0,1.3779043010020908,11620565,관찰 필요,불명확,방문성 검토
동대문구,휘경동,1812635.92,130870.09,14662.32,228935.05,59053.59,431988.99,93378.70999999999,161764.96000000002,1.1245486084316163,2.931302972428838,2.5810776628531737,0.3956139574404272,0.0545510205436474,0.19130332920841595,0.02106621794738611,0.33291892486902597,0.08581617198778846,0.6271845715393981,0.13586003892410797,0.23695538953649387,0.0,0.0,0.0,1.0,1.3745486084316163,11230720,야간 소비형,목적 방문형,혼재형 (상권+거주)
광진구,구의동,4007799.1,210182.64,32788.83,441858.27,75863.32,794746.14,190501.76,315837.16000000003,1.3682878107231768,2.082959789659615,0.7220602058377787,0.26008777252277276,0.03791609970316444,0.16620387288627125,0.024166257937852903,0.3398948803273419,0.060145233609191995,0.6090481801547919,0.1448039549283062,0.2461478649169021,0.0,0.0,0.0,1.0,1.3682878107231768,11215870,광역 목적지형,불명확,방문성 검토
송파구,석촌동,1541261.81,98081.51,12627.19,183603.14,31907.39,330969.58,78144.47,141923.69,1.3625091552789657,2.777210500334604,2.0210019215080552,0.3230808294540838,0.042515446466356334,0.17799417876532375,0.022915290702230307,0.33319521817144504,0.057904182751620605,0.600629604788957,0.14181328124639883,0.25755711396464426,0.0,0.0,0.0,1.0,1.3625091552789657,11710600,광역 목적지형,불명확,혼재형 (상권+거주)
중구,약수동,570525.82,27709.04,3903.23,51774.18,11945.35,94668.42,22529.17,40600.25,0.8555038961269639,0.8555038961269639,-1.9085141799888121,0.1339586144849303,0.01888888888888889,0.17559834786078188,0.024735636432032276,0.3281044911641376,0.07570033911744294,0.5999348280052502,0.1427723598751415,0.25729281211960825,0.0,0.0,0.0,1.0,1.3555038961269639,11140635,관찰 필요,목적 방문형,방문성 검토
강서구,공항동,2399105.53,75117.34,43764.93,320115.29,47156.51,492136.88,121213.20999999999,202993.61,1.3493309531560653,1.5737218525718388,0.32055842773681914,0.23340020844189682,0.032295466388744136,0.09201680615652451,0.05361091167850013,0.3921329827130411,0.0577655097969152,0.6028549984522451,0.1484830592800557,0.24866194226769925,0.0,0.0,0.0,1.0,1.3493309531560653,11500620,광역 목적지형,불명확,방문성 검토
강동구,길동,3032317.37,137053.26,27274.51,302264.13,56042.39,525333.35,125769.3,218451.81,1.3467379773675272,1.911177284482822,0.8063418673075642,0.208652272085803,0.03605136889641546,0.15761319883288277,0.03136607452970801,0.3476080497591836,0.06444954580533116,0.6041408263261625,0.14463648429794726,0.25122268937589026,0.0,0.0,0.0,1.0,1.3467379773675272,11740685,관찰 필요,불명확,방문성 검토
강서구,우장산동,1359643.09,66959.17,8844.23,106851.56,24218.46,210868.87,47290.53,81852.8,1.341633420952062,1.341633420952062,-1.378022576192567,0.09467680608365019,0.025598406663045446,0.19693166892246805,0.026011507822366373,0.31425801780053775,0.0712282088701523,0.6201803052949276,0.1390848034276417,0.24073489127743064,0.0,0.0,0.0,1.0,1.341633420952062,11500615,야간 소비형,생활 밀착형,방문성 검토
중랑구,중화동,1561144.29,81562.05,7251.76,127846.39,34982.38,250269.45,57299.46,101496.07,1.089152933286442,1.2582727823555264,-0.2522689563944194,0.17373760280477368,0.0473213778985063,0.19798848927771773,0.01797222079026469,0.3131654702025919,0.08464147279557774,0.613731731155766,0.1402190680958389,0.24604920074839515,0.0,0.0,0.0,1.0,1.339152933286442,11260610,관찰 필요,목적 방문형,방문성 검토
동대문구,장안동,3275656.05,154085.66999999998,24678.36,290633.58,73772.4,559648.96,130158.64000000001,212616.89,1.3377979863324212,1.5375869566984695,-0.29490456744983584,0.1555478386604464,0.03822130621217114,0.1709600326824262,0.027051649123612687,0.3243144127309541,0.08174033803701863,0.6190473563665614,0.14398460104265787,0.2369680425907808,0.0,0.0,0.0,1.0,1.3377979863324212,11230650,관찰 필요,생활 밀착형,방문성 검토
송파구,장지동,1219509.08,58395.86,9240.08,100705.48,21162.89,198591.76,45628.19,77306.54,1.3350457792361605,1.3350457792361605,-1.4420688389508411,0.10098460842009958,0.02840651878678135,0.18162068077190158,0.0287381608899472,0.31321052271618427,0.06582005109439039,0.617652872085283,0.1419111377106129,0.24043599020410417,0.0,0.0,0.0,1.0,1.3350457792361605,11710646,관찰 필요,생활 밀착형,방문성 검토
금천구,독산동,3536343.86,226725.24000000002,30345.350000000002,343782.14,89253.9,723376.9600000001,165428.08,277908.94,1.1798341009457398,1.763142885278461,0.47590367986513865,0.21635915012204154,0.0481482252017727,0.19520320028329707,0.022403010024282098,0.3029631489498722,0.07614332443997046,0.6134483136543943,0.1417200301536763,0.24483165619192937,0.0,0.0,0.0,1.0,1.3048341009457398,11545620,관찰 필요,불명확,방문성 검토
송파구,가락동,2531647.04,105969.01999999999,17488.06,206316.77,45302.6,384114.62,90898.01000000001,156625.58,1.0293077416544554,1.0293077416544554,-1.7531760488956,0.09621978858744595,0.02767881127447592,0.1685188886868692,0.027643865674433866,0.32566559661849437,0.07135870583270248,0.6088744167793779,0.14385931353218534,0.24726626968843676,0.0,0.0,0.0,1.0,1.2793077416544554,11710632,관찰 필요,생활 밀착형,방문성 검토
관악구,은천동,1177925.82,76225.15,6611.57,108076.56,24821.83,215864.48,49889.700000000004,89890.32,1.2777837886319758,2.34923551600419,1.5306453248174487,0.2729886332131966,0.04777562147675816,0.21432961848137674,0.018590390122720863,0.3038893051909983,0.06979393748532595,0.6069670134080521,0.1402796894089463,0.2527532971830016,0.0,0.0,0.0,1.0,1.2777837886319758,11620605,야간 소비형,불명확,혼재형 (상권+거주)
서대문구,홍은동,1779578.9300000002,87434.56,11312.400000000001,149265.46000000002,41842.2,289753.8,59216.95,109060.79000000001,1.0139170861342688,1.1496507268211307,-0.4970300088147069,0.16848005567421437,0.03740767297217907,0.19492961098267902,0.023811090354115036,0.32116554473210435,0.09241786395018742,0.6291688008042429,0.12989539072846698,0.24093580846729012,0.0,0.0,0.0,1.0,1.2639170861342688,11410660,관찰 필요,목적 방문형,방문성 검토
강동구,성내동,4060336.84,186680.88,27000.08,441176.07,69695.11,736690.1499999999,178100.0,320140.86,1.246045293384188,1.5435650490279056,-0.039002480177094956,0.21054236102285717,0.03593185602965528,0.14988473176163816,0.022961014782977063,0.35588152326054967,0.05674164234207468,0.6004177935161109,0.14456120581603912,0.25502100066784994,0.0,0.0,0.0,1.0,1.246045293384188,11740650,관찰 필요,불명확,방문성 검토
서대문구,북가좌동,1831075.1800000002,87503.45000000001,8970.26,147156.77000000002,38914.2,267379.89,61265.560000000005,113892.22,0.7319057947204993,0.7975559682144385,-1.2176013968032444,0.1334828771787688,0.03506180965571716,0.19843210594214034,0.02093837915969966,0.3292783775103455,0.08838431374218905,0.6042503100730994,0.13826461008423746,0.2574850798426632,0.0,0.0,0.0,1.0,1.2319057947204994,11410720,야간 소비형,목적 방문형,방문성 검토
종로구,사직동,2395941.63,39185.85,57270.03,375961.17,36902.94,590561.11,140869.44,191773.38,1.2223400747867519,1.4453658106560099,0.3186081940989401,0.31400463857750294,0.04577116350985697,0.04244549738864305,0.06203399719063154,0.40723523566456216,0.03997268512494309,0.63968652083186,0.15258756534972723,0.2077259138184128,0.0,0.0,0.0,1.0,1.2223400747867519,11110530,광역 목적지형,생활 밀착형,혼재형 (상권+거주)
노원구,상계동,5995652.3100000005,268515.52,25574.9,582730.7,98014.88,917844.32,226585.35,436876.99,0.9719034341489956,0.9719034341489956,-1.6194572497785458,0.10158327143322272,0.03715868887094155,0.18104213454670534,0.017357446155469813,0.3541900733538114,0.06780914041180536,0.592189872929654,0.14146897959200708,0.266341147478339,0.0,0.0,0.0,1.0,1.2219034341489956,11350700,관찰 필요,목적 방문형,방문성 검토
양천구,목동,6563548.9799999995,256707.16,43266.76,563525.45,92613.09,937579.63,218095.02000000002,402529.18,1.001943239469677,1.0286703224428524,-1.6776073144000694,0.11290863324141553,0.028289035463154387,0.18093043863666092,0.024947646356420616,0.34548465916492416,0.06437315800533619,0.6045030631077634,0.1388910864570287,0.256605850435208,0.0,0.0,0.0,1.0,1.201943239469677,11470520,관찰 필요,불명확,방문성 검토
강동구,강일동,1350246.99,53285.8,7279.45,98893.92,24506.74,178229.05,40580.35,74983.13,0.6971017225506897,0.6971017225506897,-2.2021646598066087,0.07305486024196914,0.016290154359616185,0.18137220847650554,0.02477751901996964,0.33661141758777874,0.08341512291003451,0.6066493589881268,0.13812587406493965,0.25522476694693363,0.0,0.0,0.0,1.0,1.1971017225506897,11740515,관찰 필요,목적 방문형,방문성 검토
마포구,신수동,798135.22,42679.090000000004,6697.6900000000005,77601.06,16234.14,147559.55,33695.28,54948.42,1.1965493265464429,1.4732349017442783,0.3952651074254794,0.2253800547278808,0.04586044390392217,0.1806879879933913,0.02835562169445171,0.328535106947089,0.06872953695599023,0.6247143085457122,0.14265375264734925,0.2326319388069385,0.0,0.0,0.0,1.0,1.1965493265464429,11440630,관찰 필요,생활 밀착형,방문성 검토
서대문구,천연동,601777.95,32269.71,4854.71,51301.11,12258.17,100290.3,21252.8,38414.71,1.1940803673434375,1.1940803673434375,-1.2113810375330067,0.15303745928338763,0.031278501628664496,0.20173888352184866,0.030349940399909202,0.3207165064337903,0.07663376986719185,0.6269797017100948,0.1328650348488767,0.2401552634410286,0.0,0.0,0.0,1.0,1.1940803673434375,11410520,관찰 필요,생활 밀착형,방문성 검토
송파구,위례동,1652644.36,70007.24,11762.9,142599.62,28389.67,250077.39,58747.66,102710.52,1.1832903258368954,1.1832903258368954,-3.195939696088473,0.04000130140551796,0.022040603852160334,0.17011224570454506,0.02858294849215585,0.3465061841434508,0.06898472955812786,0.607668955565615,0.14275232636634544,0.24957871806803966,0.0,0.0,0.0,1.0,1.1832903258368954,11710647,관찰 필요,불명확,방문성 검토
중구,다산동,874550.97,38210.33,6619.08,107029.29,16223.06,181001.91,44095.88,69608.32,1.1696984589774404,1.4039635939586845,0.33466447854463466,0.26524073285044736,0.040507030251384746,0.12965571022602823,0.022459934746517474,0.3631729589861574,0.05504826486291716,0.6141776632998889,0.14962662294310763,0.23619571375700357,0.0,0.0,0.0,1.0,1.1696984589774404,11140625,관찰 필요,불명확,방문성 검토
영등포구,신길동,3371253.74,200140.13,24446.27,328558.69,67721.87,625389.19,143446.38,259746.75,0.8300056431823877,1.344587894517539,-0.0025949639611743494,0.22487291046890254,0.049757011590164046,0.19531502498819775,0.023366383832588555,0.31863817471826045,0.06880895085721665,0.6075571955634033,0.13832463535559925,0.2541181690809975,0.0,0.0,0.0,1.0,1.163338976515721,11560690,관찰 필요,목적 방문형,방문성 검토
성북구,장위동,1962263.96,97521.71,11350.960000000001,174985.49,45531.44,320499.78,71478.7,133104.14,0.989226880035562,0.989226880035562,-1.2710670568076472,0.13371742721703617,0.041492228080108884,0.18611344657973852,0.021441332222286252,0.3315330205594302,0.08608881657412833,0.6138116055137841,0.13619580571283899,0.2499925887733769,0.0,0.0,0.0,1.0,1.1558935467022287,11290760,관찰 필요,목적 방문형,방문성 검토
서대문구,충현동,2598614.47,66328.87,70088.61,367465.82,42414.28,727750.02,161316.63,123762.3,1.1530302674512385,1.900425750357099,1.067707832722658,0.30085778443113775,0.03893562874251497,0.06548871850473863,0.06920083593582115,0.36281133156788226,0.04187704152808824,0.7185320087858863,0.15927332053452858,0.12219467067958514,0.0,0.0,0.0,1.0,1.1530302674512385,11410565,광역 목적지형,생활 밀착형,방문성 검토
중랑구,면목동,2333761.0100000002,121748.95999999999,11102.2,178131.13,52604.57,353857.33999999997,79164.56,146501.47,0.8987802388055526,0.8987802388055526,-0.7022932404665965,0.1603715527824407,0.04278186007045154,0.20928874777881834,0.01960733343313452,0.3081624707248525,0.090762941207914,0.6103961033408893,0.13653160282048074,0.25307229383862995,0.0,0.0,0.0,1.0,1.1487802388055526,11260570,관찰 필요,목적 방문형,방문성 검토
노원구,중계2·동,1289348.64,51905.56,6036.43,98866.06,19151.66,172566.94,39033.61,73448.77,0.6397700058024978,0.6397700058024978,-1.836742869059201,0.07581912266258967,0.03384217335058215,0.18209326021195207,0.021176791440863638,0.3468384348364697,0.06718718009921931,0.6053932701891729,0.13693633789408793,0.2576703919167392,0.0,0.0,0.0,1.0,1.1397700058024978,11350625,관찰 필요,목적 방문형,방문성 검토
중랑구,면목3·동,1253472.76,55473.07,8257.93,118880.63,20923.45,224490.09,48383.54,76496.72,1.1394972015331812,1.2679422224587773,0.18349288703656585,0.19664350334338535,0.044595515930247805,0.15878013117026102,0.023636607972027393,0.34027109054904064,0.05988902607218959,0.6425562157750365,0.13848782531202206,0.21895595891294153,0.0,0.0,0.0,1.0,1.1394972015331812,11260575,관찰 필요,생활 밀착형,방문성 검토
강서구,발산동,2213081.05,73914.29,27531.04,233092.66,35916.72,393116.56,95295.95,141562.48,1.120320848480854,1.120320848480854,-2.574229339493835,0.05325882483124931,0.023413743498948765,0.1173289276134597,0.04370179838409141,0.37000303773964105,0.057012929989490535,0.6240193122587295,0.15126941785419132,0.22471126988707918,0.0,0.0,0.0,1.0,1.120320848480854,11500611,관찰 필요,생활 밀착형,방문성 검토
구로구,수궁동,859432.17,36565.99,5538.77,57945.340000000004,11524.11,113941.44,26413.5,47612.0,0.6052215994629595,0.6052215994629595,-2.2070568595389384,0.0790253838921968,0.029094327796928863,0.1945341558467675,0.029466724308008632,0.3082741039461514,0.06130923874166383,0.6061780864230699,0.14052205137775822,0.25329986219917183,0.0,0.0,0.0,1.0,1.1052215994629595,11530790,관찰 필요,목적 방문형,방문성 검토
동작구,신대방동,2396846.66,117855.14000000001,33112.34,238621.69,43404.57,472096.89,103217.31,179623.81,1.1029060506037967,1.7026306529771662,0.8081726047124513,0.2507354247356967,0.05018347360765889,0.15822781336032785,0.041953734000160205,0.3145405180504431,0.05822268762746845,0.6220459894019044,0.135981614777753,0.24197239582034258,0.0,0.0,0.0,1.0,1.1029060506037967,11590670,관찰 필요,불명확,방문성 검토
강동구,암사동,2814318.19,120709.54000000001,16563.600000000002,262191.3,41367.39,433255.72,100911.25,194359.72,0.7655347942492196,0.7655347942492196,-1.8584910996248232,0.11012966013191872,0.028901997173819294,0.17850512025283083,0.02081417227829925,0.34644215138945317,0.058724439577193754,0.599579136850703,0.13852910780329744,0.2618917553459997,0.0,0.0,0.0,1.0,1.098868127582553,11740580,관찰 필요,목적 방문형,방문성 검토
송파구,삼전동,1093310.07,78577.84,9531.24,109977.89,26771.79,234233.64,53625.03,86972.84,1.0983711291346905,2.8398195912710253,2.4877835173376215,0.35595059169042065,0.04894100371426103,0.209635097113367,0.02542806499912454,0.2934062026962461,0.07142353106866603,0.6249038134494083,0.14306435977060733,0.2320318267799844,0.0,0.0,0.0,1.0,1.0983711291346905,11710610,야간 소비형,생활 밀착형,혼재형 (상권+거주)
관악구,남현동,1094389.86,72603.36,9928.72,141937.57,23375.29,252979.6,64199.97,114073.7,1.08833744119536,2.9621420958585416,2.676863792375974,0.3951742249551627,0.05886113246220855,0.16835434082621564,0.023022944266602313,0.32912810145184523,0.05420316001314031,0.5866149142474908,0.14886836684160099,0.26451671891090817,0.0,0.0,0.0,1.0,1.08833744119536,11620630,관찰 필요,불명확,혼재형 (상권+거주)
성북구,정릉동,3174306.86,159055.43,21720.760000000002,376555.36,74310.52,680317.53,133480.96,190662.37,1.085601521161091,1.43280144541337,-0.5693097319132698,0.1727086664195463,0.03979017043586499,0.17436777327567562,0.02193105803524483,0.35616659797391487,0.08057557750785894,0.6568671547173346,0.13306940221776326,0.2100634430649021,0.0,0.0,0.0,1.0,1.085601521161091,11290640,관찰 필요,생활 밀착형,방문성 검토
관악구,삼성동,671506.68,29975.23,3375.47,48755.75,10433.11,90669.27,19887.920000000002,37901.24,0.5750467037338749,0.5750467037338749,-1.505115313853943,0.1133564645726808,0.038703433162892625,0.20190992185489232,0.02273680248403543,0.32841348248125757,0.0702763056297982,0.6107384403836145,0.13396288779289936,0.2552986718234862,0.0,0.0,0.0,1.0,1.075046703733875,11620745,관찰 필요,목적 방문형,방문성 검토
중랑구,상봉동,2424748.16,142049.53,14540.15,292895.52,56557.82000000001,477920.58,117634.15,229194.35,1.0685258041470895,2.052504206942949,0.6375218340847051,0.24989722407188822,0.050934925838617195,0.16976814645664626,0.017375635412354172,0.3639706961246073,0.06771708907102618,0.579593749963996,0.14046037974369058,0.2799458702923134,0.0,0.0,0.0,1.0,1.0685258041470895,11260580,관찰 필요,불명확,방문성 검토
은평구,응암동,3307624.6,160443.77,15898.22,288017.13,71074.4,519935.33999999997,119772.23999999999,222955.51,0.8937552513948593,1.196649140036735,-0.19010309287075944,0.1848784688715517,0.04168158152258877,0.18859643550313157,0.01859846156985245,0.3312715089786655,0.0847841652880147,0.6039579921999768,0.1382974582728416,0.2577445495271816,0.0,0.0,0.0,1.0,1.060421918061526,11380600,관찰 필요,불명확,방문성 검토
서대문구,홍제동,2298623.56,109441.03,13202.52,196973.73,44462.32,358527.19,79068.79000000001,149720.11,0.8919267315786971,0.8919267315786971,-1.3910981106352784,0.13006410676195249,0.03848744567361636,0.1893752850182452,0.022043993823361908,0.3323762343888382,0.07618686879300647,0.6110816951434951,0.1345202472695144,0.25439805758699063,0.0,0.0,0.0,1.0,1.0585933982453637,11410620,관찰 필요,불명확,방문성 검토
서대문구,북아현동,468355.48,24330.71,6215.65,43706.05,11475.24,88889.5,20202.68,30867.26,1.0533987970081238,1.0533987970081238,-1.2493996625415897,0.15981530343007916,0.03330534900455745,0.1738411499788796,0.044410366317555995,0.3122765424039993,0.08198975360290095,0.6351090001503292,0.14434667643711635,0.22054432341255437,0.0,0.0,0.0,1.0,1.0533987970081238,11410555,관찰 필요,생활 밀착형,방문성 검토
종로구,청운효자동,978311.38,23684.98,13671.2,178506.8,13363.15,204160.85,49550.7,106972.6,1.0528750679282117,1.0528750679282117,-0.8881346013252057,0.19387339392040112,0.04189909119398307,0.0656668167980212,0.03790352306859062,0.494911683809782,0.03704945171557996,0.5660377646203749,0.13737975455810852,0.29658248082151656,0.0,0.0,0.0,1.0,1.0528750679282117,11110515,관찰 필요,불명확,방문성 검토
중구,청구동,368175.52,20920.86,3128.16,32435.63,8318.16,66629.15,14818.0,25986.86,1.0404295353757311,1.0404295353757311,-1.0581903954964067,0.16593253012048192,0.03783855421686747,0.1947321895552442,0.02911703658832059,0.30191212261368633,0.0774257611719045,0.6201867546412909,0.13792652810781242,0.24188671725089664,0.0,0.0,0.0,1.0,1.0404295353757311,11140645,관찰 필요,생활 밀착형,방문성 검토
강남구,개포동,3421733.96,140218.49,19348.4,254459.69,44319.7,443495.92,103032.7,190594.48,0.7064533941042095,0.7064533941042095,-1.2343633815039408,0.1467349764627082,0.025740717458403783,0.18970405069212823,0.02612343105996474,0.3464758752396302,0.05991426653009745,0.6026809487937244,0.13970751452273283,0.25761153668354275,0.0,0.0,0.0,1.0,1.0397867274375427,11680670,관찰 필요,목적 방문형,방문성 검토
노원구,상계6·동,1962857.55,69408.68,15865.67,209685.27,30551.9,346851.93,80173.77,124431.66,1.0381648594252608,1.0381648594252608,-0.6871494271971946,0.12814199890770073,0.03911632987438558,0.12586409219381892,0.02877043838892639,0.3802384104547992,0.05540210760810229,0.6289732537072313,0.14538525698523636,0.22564148930753233,0.0,0.0,0.0,1.0,1.0381648594252608,11350695,관찰 필요,생활 밀착형,방문성 검토
노원구,공릉동,4113936.2300000004,194562.99,31351.54,565380.42,74341.53,953763.29,192901.49,292406.5,1.020330826641164,2.229226643671475,1.726994024329016,0.26967907923991585,0.047134659971680606,0.14093755261852442,0.02087072610481717,0.38776690542857345,0.05340884270427154,0.6545170929208134,0.13513944869773248,0.21034345838145407,0.0,0.0,0.0,1.0,1.020330826641164,11350600,관찰 필요,생활 밀착형,방문성 검토
서초구,양재동,5321735.15,151808.08000000002,140161.97,586781.34,76977.58,1139615.33,269169.52999999997,347450.1,1.0072525867179878,1.4149905185856055,0.5824827598108825,0.2330049405491264,0.0352541202632176,0.08627454025923184,0.08019351291488411,0.3343661752486643,0.043938926881185864,0.6483865748058784,0.15315372475713346,0.19845970043698813,0.0,0.0,0.0,1.0,1.0072525867179878,11650651,광역 목적지형,생활 밀착형,방문성 검토
마포구,용강동,1133822.92,42128.76,13052.02,112378.46,15880.91,218835.88,50990.99,69333.69,1.0064888987136305,1.0064888987136305,-0.6679451514300659,0.1805497664390945,0.032700323392022994,0.12421479667329244,0.03848330713924992,0.33134294860227853,0.046824164932384824,0.6452279710824868,0.15034469220123944,0.20442733671627386,0.0,0.0,0.0,1.0,1.0064888987136305,11440590,관찰 필요,생활 밀착형,방문성 검토
구로구,오류동,2290541.75,116655.51999999999,16215.130000000001,213229.74,41187.1,399071.24,89564.7,155794.76,0.9990602719936488,1.7879830538572217,1.0332728305492909,0.2382139702980326,0.0494922486734943,0.18144334230907289,0.02458852526007251,0.3305862352882382,0.06396565752760003,0.6192051711596626,0.13888738124066424,0.24190744759967325,0.0,0.0,0.0,1.0,0.9990602719936488,11530770,관찰 필요,생활 밀착형,혼재형 (상권+거주)
서대문구,연희동,1896908.82,112870.35,16444.14,296766.97,52002.78,424187.42,99295.98,199214.68,0.4966391349097501,2.8941096532014754,3.4249578832738936,0.42504511227189473,0.049195441286208536,0.15617911977848345,0.02275381719569533,0.41063755143780095,0.07195643857252257,0.5869496982751082,0.13739621392103324,0.2756540878038586,0.0,0.0,0.0,1.0,0.9966391349097501,11410615,관찰 필요,목적 방문형,2030 자취/거주성 높음
강북구,송중동,1673466.09,70646.75,10141.48,162566.43,32662.71,270475.87,63788.12,112823.42,0.9822831062258943,1.2147371332326256,0.33207718143818743,0.21992641648270786,0.03633063527103262,0.15801552094701124,0.022683439016992227,0.36361218491927566,0.07305665350764406,0.6049731304220801,0.14267482951488167,0.25235204006303824,0.0,0.0,0.0,1.0,0.9822831062258943,11305545,관찰 필요,불명확,방문성 검토
강서구,방화동,4140728.13,154139.19,48015.4,473319.74,75780.64,724971.16,173659.53,333411.9,0.9808122567124807,1.0272661352052597,-0.64519143321192,0.1642361968068435,0.028989117177153276,0.1385434415183727,0.03706189775660155,0.36753871296039087,0.06185017925044455,0.5937728278608577,0.14200472445741963,0.2642224476817227,0.0,0.0,0.0,1.0,0.9808122567124807,11500640,관찰 필요,불명확,방문성 검토
도봉구,창동,4842443.42,213787.81,25527.89,402366.32,87479.68000000001,715852.43,166930.99,301672.44,0.7707527815644817,0.7707527815644817,-1.6004349101260484,0.10637591800628701,0.03509823384495153,0.18362211334132733,0.02101271791939196,0.3363301273072977,0.07600860304134524,0.605538775625602,0.1407658877803544,0.25369533659404364,0.0,0.0,0.0,1.0,0.9707527815644816,11320515,관찰 필요,불명확,방문성 검토
송파구,잠실본동,1826446.07,114077.25,12605.81,236194.33,38084.22,385966.05,98115.58,192666.31,0.9688736641668971,2.942698134893843,2.819749243895637,0.3935054076161047,0.049926383713532675,0.16856682267847023,0.01862703859874328,0.3490137406254979,0.056275339382636326,0.5703246765701274,0.1449809806587664,0.2846943427711062,0.0,0.0,0.0,1.0,0.9688736641668971,11710650,광역 목적지형,불명확,혼재형 (상권+거주)
노원구,하계동,1760420.08,75174.55,12163.25,167582.24,31664.34,288211.14,63034.31,108622.04000000001,0.6923658702741502,0.6923658702741502,-2.2452401865480676,0.08330030537312788,0.029179815139951507,0.1786168372227661,0.021915480271456043,0.35730099516672464,0.06934333605006254,0.6181604378166496,0.13726889544860107,0.24457066673474936,0.0,0.0,0.0,1.0,0.9423658702741502,11350612,관찰 필요,목적 방문형,방문성 검토
강동구,둔촌동,2665172.08,115603.84,16857.27,223713.89,41476.8,393498.91000000003,90877.23000000001,169620.41,0.6892079729029603,1.0458679762780072,-0.20550646939878925,0.21065846025094698,0.03300415430298982,0.1764357562666326,0.026392001594252583,0.3407924052852111,0.06408613998689702,0.6027214208072076,0.1389132159695412,0.2583653632232512,0.0,0.0,0.0,1.0,0.9392079729029603,11740700,관찰 필요,생활 밀착형,방문성 검토
성동구,마장동,1159515.8,59010.74,13978.65,117425.02,30804.51,229592.56,51731.81,81305.92,0.9339717569430868,1.7249105953012775,1.1299126262259869,0.2845644187877198,0.0424022566255576,0.16272975983335536,0.038547938176923945,0.3238147039509579,0.08494742675797987,0.6331312257450971,0.14265716744180415,0.22421160681309882,0.0,0.0,0.0,1.0,0.9339717569430868,11200540,관찰 필요,생활 밀착형,방문성 검토
성동구,응봉동,470017.08,23099.67,1781.27,34630.42,7270.07,63345.14,14308.029999999999,28245.59,0.43367373068561965,0.43367373068561965,-2.4215526051556218,0.09541231732776619,0.030412317327766177,0.2181297495834701,0.0168204991257688,0.3270144050789641,0.06865113434755987,0.5981669662609836,0.1351104583283128,0.2667225754107036,0.0,0.0,0.0,1.0,0.9336737306856197,11200580,관찰 필요,목적 방문형,방문성 검토
송파구,잠실동,9264192.08,259832.3,91542.84999999999,1460556.59,100626.97,1749514.08,426687.48,950792.08,0.9291347296374962,0.9291347296374962,-3.151009860548311,0.059139943841745514,0.02584570785204482,0.1117844157266898,0.03269921372041438,0.4267865211138261,0.04659057690581455,0.5656997658937623,0.1317913434524398,0.30250889065379793,0.0,0.0,0.0,1.0,0.9291347296374962,11710710,관찰 필요,불명확,방문성 검토
동대문구,전농동,3047225.42,125456.09,21390.36,380604.55000000005,57814.02,592535.81,131067.17,225464.90000000002,0.9272585054452043,1.3396474072979638,-0.41958886250475713,0.16954754697399593,0.04365463893145977,0.13380697429659738,0.021447471574750722,0.39519430927969945,0.060386495815832456,0.6418789083495655,0.13755298309677624,0.22056810855365833,0.0,0.0,0.0,1.0,0.9272585054452043,11230570,관찰 필요,생활 밀착형,방문성 검토
송파구,오금동,1799416.82,69934.47,12190.51,139334.01,25851.93,255041.06,57900.89,99189.26,0.9258994937033114,0.9258994937033114,-2.041569748664346,0.06971514398176921,0.025381189144396105,0.169689817958703,0.0295791963923334,0.3380816754935886,0.06272742605443543,0.6188346182275299,0.14049139835830438,0.24067398341416557,0.0,0.0,0.0,1.0,0.9258994937033114,11710570,관찰 필요,생활 밀착형,방문성 검토
성북구,종암동,1883232.67,82717.38,13927.76,243430.14,38459.61,418262.96,80366.92,111683.86,0.914686689976098,1.793809243426611,1.2558893620721616,0.24097487355196606,0.045389949420786425,0.13553255412535856,0.022820656143183012,0.3988606581264253,0.063016130031744,0.6853245021159118,0.13168132180671535,0.18299417607737292,0.0,0.0,0.0,1.0,0.914686689976098,11290705,관찰 필요,생활 밀착형,혼재형 (상권+거주)
성북구,성북동,1058568.22,52614.58,8959.54,137401.67,21705.95,203877.11,46027.43,94440.15,0.8994724814911532,1.7068902040633258,1.153453889388818,0.3241491178144565,0.043335230506545246,0.15279625772652397,0.026019103125998547,0.3990236352998503,0.06303552989302666,0.5920727570969658,0.13366673376029117,0.27426050914274297,0.0,0.0,0.0,1.0,0.8994724814911532,11290525,관찰 필요,불명확,2030 자취/거주성 높음
강북구,수유동,2833013.2,151254.48,12823.67,264223.78,66854.22,465920.39,112342.68,207606.68,0.7296081236941848,1.2060242588874637,0.04137376641119032,0.20588901394279427,0.048171668311142314,0.19269903441450453,0.017337503978358516,0.33477307203350887,0.08778729665611075,0.6005238204742201,0.14084647602023279,0.2586297035055471,0.0,0.0,0.0,1.0,0.8962747903608514,11305635,관찰 필요,불명확,방문성 검토
강남구,일원동,590916.21,29448.399999999998,4267.2699999999995,56472.41,10791.57,100786.53,23746.51,39167.42,0.884865641212022,1.0649056019183982,0.25719994386625167,0.2426465284039675,0.04995266005410279,0.17989198075558246,0.026067550451599218,0.34497404588844777,0.06592266142685244,0.6156765228393372,0.14506074081893233,0.2392627363417305,0.0,0.0,0.0,1.0,0.884865641212022,11680730,관찰 필요,불명확,방문성 검토
서초구,방배동,4167180.0700000003,156813.04,44382.12,448728.97,55027.31,781057.64,188910.31,279471.27,0.8724021894568619,0.923482525571959,-0.7103854681641927,0.18267902678561118,0.03201207377133799,0.12580722589150634,0.03608467102086,0.35943146943070325,0.04393837481500867,0.6277934059848937,0.14980481634771867,0.22240177766738747,0.0,0.0,0.0,1.0,0.8724021894568619,11650610,관찰 필요,생활 밀착형,방문성 검토
용산구,이촌동,1242483.46,53545.979999999996,7128.75,113273.85,18877.02,170279.83000000002,39761.2,92046.32,0.6132793777434722,0.6132793777434722,-2.8130159760449085,0.09784541517811034,0.026944058839100483,0.18730201876895813,0.022741291932059815,0.361968784477193,0.0726039458860949,0.5632475816415533,0.12988984048185087,0.3068625778765959,0.0,0.0,0.0,1.0,0.8632793777434722,11170640,관찰 필요,목적 방문형,방문성 검토
노원구,월계동,3264614.8,141194.69,18700.36,366587.82,58501.81,603759.13,127042.05,208229.07,0.8605170763560267,1.0686045578830035,-1.0746045000106645,0.137055546423688,0.0339779193073359,0.15138479755699555,0.019783829879602643,0.3853391350293973,0.06223510169537875,0.6427278240211284,0.13525175375473578,0.22202042222413595,0.0,0.0,0.0,1.0,0.8605170763560267,11350560,관찰 필요,생활 밀착형,방문성 검토
성북구,돈암동,1004152.46,49285.58,4603.79,78987.4,17895.09,147752.03999999998,32764.68,59699.53999999999,0.6029012792988526,0.6029012792988526,-2.739508293456219,0.07946940962723664,0.025180793553651572,0.20838486124340888,0.019488621507340376,0.32582937178400045,0.07553072891876567,0.6140121324534542,0.13607104686994792,0.249916820676598,0.0,0.0,0.0,1.0,0.8529012792988526,11290590,관찰 필요,목적 방문형,방문성 검토
관악구,보라매동,752601.75,51607.6,6208.5,75464.87,18770.51,164568.62,36509.56,61791.51,0.8504419949857607,2.444001902737323,2.276514153930804,0.3523279990655297,0.05536035509870343,0.19632388960476957,0.023618166095908586,0.287080910697616,0.0714061404340683,0.6260463882313705,0.1388884355590787,0.23506517620955084,0.0,0.0,0.0,1.0,0.8504419949857607,11620525,관찰 필요,생활 밀착형,2030 자취/거주성 높음
은평구,대조동,1828136.34,83215.35,11207.35,182085.4,36332.85,307098.84,74171.27,133571.4,0.3480009842128786,1.5591886664246444,1.7302681174453798,0.2993617671009772,0.048872149837133554,0.16163294603032302,0.02176854387673597,0.3536727254179641,0.0705709413368786,0.5964919961484847,0.14406621952452903,0.25944178432698634,0.0,0.0,0.0,1.0,0.8480009842128786,11380570,관찰 필요,목적 방문형,2030 자취/거주성 높음
은평구,구산동,1271899.2,53459.6,7311.49,94628.01,23987.06,177595.13,40134.3,69240.82,0.8453832518681892,0.8453832518681892,-1.7016075583709545,0.09090463348860015,0.028966658494729097,0.18628969379230076,0.025478215947471905,0.32974850180462956,0.08358727080594591,0.6188625127517574,0.13985526374249596,0.2412822235057467,0.0,0.0,0.0,1.0,0.8453832518681892,11380560,관찰 필요,생활 밀착형,방문성 검토
구로구,고척동,2149673.21,90325.05,12478.52,223301.68,33310.91,370292.43,80880.44,149475.7,0.8270275173489838,0.8270275173489838,-1.8306643385426182,0.08328561477989879,0.03244710834268493,0.16666725399445675,0.019129367827495213,0.35306213565242583,0.058767842855979927,0.6144113352766344,0.1380720111714841,0.24751665355188154,0.0,0.0,0.0,1.0,0.8270275173489838,11530720,관찰 필요,생활 밀착형,방문성 검토
광진구,능동,973558.74,49245.49,6739.71,197180.75,16669.26,249879.98,56739.55,124032.44,0.7923470605881455,2.735480622691301,2.775905088718794,0.45253639532499484,0.062325199917982375,0.11435101527574575,0.01565001548698361,0.4578656635426514,0.0387070329667829,0.5802364726208034,0.1317526772256493,0.28801085015354744,0.0,0.0,0.0,1.0,0.7923470605881455,11215780,관찰 필요,불명확,2030 자취/거주성 높음
강남구,논현동,5272622.63,197850.71,115314.38,852093.13,131422.65000000002,1692933.33,407025.24,430347.74,0.7846862962385932,3.29057743529415,3.579844484365081,0.4704363214711893,0.06110434343159751,0.07782786593449785,0.04570981916766964,0.33699072882833836,0.05163142551001136,0.66941197596265,0.16082474351065384,0.16976328052669623,0.0,0.0,0.0,1.0,0.7846862962385932,11680531,광역 목적지형,생활 밀착형,혼재형 (상권+거주)
용산구,남영동,1353648.03,45860.45,25310.28,231753.95,22896.399999999998,336343.92,94306.74,150452.35,0.7765979512834909,2.31749035282182,2.2012748593404705,0.4964844835572024,0.059698934691987025,0.078919656602708,0.04355558233986776,0.39881732844577766,0.03940162003290948,0.5788025775326822,0.16228919550769494,0.2589082269596229,0.0,0.0,0.0,1.0,0.7765979512834909,11170530,광역 목적지형,불명확,2030 자취/거주성 높음
중랑구,망우동,401118.26,21818.43,1564.93,30371.67,8453.32,60857.729999999996,13484.55,24311.36,0.7606910380700186,0.7606910380700186,-1.3854446055231022,0.13337780742717367,0.03963753613520125,0.2211619358393669,0.01586287135477211,0.3078616257849178,0.08568685352106623,0.6168827627647596,0.13668578270401374,0.24643145453122664,0.0,0.0,0.0,1.0,0.7606910380700186,11260660,관찰 필요,생활 밀착형,방문성 검토
서대문구,남가좌동,1951073.93,88004.02,10598.12,236505.04,37653.35,394830.54,71313.91,121304.67000000001,0.48854210166099044,0.9063162678506271,-0.9311166267765462,0.17102184201260537,0.03730733821725248,0.15657038338402968,0.019844651897959937,0.3837811560822134,0.07023067306115366,0.6460986945126432,0.12798599038939043,0.22591531509796645,0.0,0.0,0.0,1.0,0.7385421016609904,11410700,관찰 필요,생활 밀착형,2030 자취/거주성 높음
노원구,상계3·동,891843.58,34678.88,3098.58,57216.22,13698.79,102549.27,23430.98,45241.7,0.20981051378045223,0.20981051378045223,-1.4316161206954088,0.11373055279708705,0.03702085402184707,0.20253758352828008,0.018096861996957748,0.33416404847626135,0.08000603894535718,0.59892595546307,0.1368456555949748,0.2642283889419551,0.0,0.0,0.0,1.0,0.7098105137804522,11350665,관찰 필요,목적 방문형,방문성 검토
서초구,방배본동,866772.32,36100.7,7187.05,74555.8,13733.64,133800.8,31915.88,51134.17,0.7018094275550685,0.7018094275550685,-1.8528186706394363,0.12126666666666666,0.026952688172043014,0.16647709704619557,0.03314282604841069,0.34381142614843335,0.0633321935330205,0.6170176413880785,0.14717894811110954,0.23580341050081194,0.0,0.0,0.0,1.0,0.7018094275550685,11650590,관찰 필요,생활 밀착형,방문성 검토
성북구,길음동,2515744.7199999997,96685.64,13806.68,238408.63,42350.03999999999,383643.0,82758.36,146377.05,0.6899023983847875,0.6899023983847875,-2.553415492263448,0.07718162165450931,0.02383524897955426,0.157335776980581,0.02236677166484477,0.3902419960613914,0.06895623239220157,0.627119657296636,0.13525436617514539,0.23762597652821857,0.0,0.0,0.0,1.0,0.6899023983847875,11290685,관찰 필요,생활 밀착형,방문성 검토
성동구,금호1가동,585241.44,27747.74,3183.68,50858.9,9290.58,88889.13,20601.05,36965.1,0.6888420424362034,0.6888420424362034,-2.1445262585548357,0.11086369770580297,0.032167341430499326,0.18946220306976985,0.021738239823105045,0.34726573190123294,0.06343629263485755,0.6069370117622254,0.14066444036705267,0.252398547870722,0.0,0.0,0.0,1.0,0.6888420424362034,11200590,관찰 필요,불명확,방문성 검토
서대문구,신촌동,4371688.11,222293.73,60587.13,1141094.07,89340.78,1710556.04,345127.46,416513.45,0.6799441516120224,4.855764704282899,5.965457932386967,0.550938928970633,0.09251905294177422,0.08991748412277589,0.02450740423411654,0.4615708590692987,0.036138213017373064,0.6919173814206024,0.13960354574501033,0.16847907283438723,0.0,0.0,0.0,1.0,0.6799441516120224,11410585,광역 목적지형,생활 밀착형,2030 자취/거주성 높음
강서구,가양동,4309196.76,196341.02000000002,112333.7,571684.19,85242.76999999999,1167182.15,268569.26,358006.46,0.6666861685018519,1.7653731799431565,1.2152691721577724,0.31542534279276957,0.04595956004661227,0.1463377709637491,0.043578763293216305,0.3099211212445357,0.05702907145026489,0.6406741893911153,0.1452556683704599,0.21407014223842488,0.0,0.0,0.0,1.0,0.6666861685018519,11500605,관찰 필요,생활 밀착형,방문성 검토
광진구,군자동,1243829.03,71973.63,11049.1,252726.81,27668.26,420580.04,83490.58,102721.75,0.6648573265520956,3.51667938306345,4.0740315093019355,0.45346923150540724,0.07994736338405588,0.1186132745868245,0.018209029226916616,0.41649635442845134,0.045597574010365356,0.6931201854103736,0.13759332537421326,0.16928648921541317,0.0,0.0,0.0,1.0,0.6648573265520956,11215730,관찰 필요,생활 밀착형,2030 자취/거주성 높음
강북구,송천동,1115421.66,37807.65,5603.29,77699.67,18254.53,133920.37,32133.99,58027.49,0.15854709512366982,0.15854709512366982,-0.34776031475819724,0.1585157377995957,0.04747762056020791,0.16872250028282076,0.025005550427221124,0.34674682487671354,0.08146367052931774,0.5976404157677205,0.1434029128195791,0.2589566714127003,0.0,0.0,0.0,1.0,0.6585470951236698,11305555,관찰 필요,목적 방문형,방문성 검토
관악구,신원동,489547.59,47139.65,2563.56,51569.05,18554.14,121989.43000000001,27484.100000000002,48314.54,0.654902057776781,3.4842383237992713,4.041908951460701,0.4656250832112901,0.08892025029956065,0.23833414219573507,0.01296114573543288,0.2607288194884555,0.09380818570098792,0.6167683925526954,0.13895731931657962,0.24427428813072496,0.0,0.0,0.0,1.0,0.654902057776781,11620655,소규모 2030 집중형,생활 밀착형,2030 자취/거주성 높음
은평구,진관동,3079546.73,110718.68,20720.87,283399.62,44454.79,417965.64,96638.70999999999,207487.27,0.6497804404524625,1.0937916223977358,0.6343016884932475,0.2137262200165426,0.03381637717121588,0.15333051503907494,0.028695624524765984,0.3924704457863671,0.061563918994102164,0.5788263267755414,0.133831645906651,0.28734202731780767,0.0,0.0,0.0,1.0,0.6497804404524625,11380690,광역 목적지형,불명확,방문성 검토
중랑구,신내동,2319019.19,88983.19,14392.41,185251.31999999998,36780.62,340430.81,78075.11,126989.91999999998,0.6474040679617823,0.6474040679617823,-2.3115166513775813,0.06457249434069771,0.03214612683513472,0.1734241963803118,0.024177211866237835,0.33644394547679224,0.06588103371349963,0.6216329697772804,0.14233869716259434,0.23602833306012527,0.0,0.0,0.0,1.0,0.6474040679617823,11260680,관찰 필요,생활 밀착형,방문성 검토
관악구,중앙동,642132.61,60018.7,3703.29,80386.22,19927.07,172881.97,40249.31,67619.45,0.642704420577001,3.773107199115963,4.472003969341374,0.5540545891670202,0.07731862537123463,0.21377931946962347,0.013190669174751568,0.28632595185059717,0.0709778029784642,0.6157845787257615,0.14336315349919126,0.24085226777504729,0.0,0.0,0.0,1.0,0.642704420577001,11620615,소규모 2030 집중형,불명확,2030 자취/거주성 높음
용산구,청파동,1193582.83,65384.84,14569.18,201797.84,27035.19,345945.69,69209.58,110691.28,0.6316099301410638,2.9690396996507253,3.3391853850138022,0.4393610608800482,0.06604822182037372,0.1243420537797576,0.027706143550813443,0.38375803739703146,0.05141269824818666,0.6578833501902789,0.13161554449677382,0.21050110531294727,0.0,0.0,0.0,1.0,0.6316099301410638,11170555,광역 목적지형,생활 밀착형,2030 자취/거주성 높음
영등포구,대림동,1956623.83,97110.47,17528.2,169158.01,40221.700000000004,324502.27999999997,75106.38,135897.36,0.6132207402329333,1.1458878588427392,0.5016740509659349,0.23119843022099953,0.052978519268012246,0.18521055177976073,0.03241013567658608,0.3113328058872961,0.07616178192412318,0.6069616004877627,0.14019503562908833,0.25284336388314893,0.0,0.0,0.0,1.0,0.6132207402329333,11560720,관찰 필요,불명확,방문성 검토
중구,회현동,2728789.18,22742.64,60635.33,367340.69,26776.79,637314.76,152049.41,148088.7,0.6074856207632913,0.7534879898823532,0.20857481302723135,0.3176574307304786,0.07435768261964736,0.024260035600509707,0.06468093697339686,0.3918497684048906,0.028563345269826738,0.679836587411589,0.16219419115971132,0.15796922142869968,0.0,0.0,0.0,1.0,0.6074856207632913,11140540,광역 목적지형,생활 밀착형,2030 자취/거주성 높음
동작구,대방동,1491234.27,82793.56999999999,10006.59,128445.42,25880.35,251241.63,57916.09,101972.84,0.5788849891253476,1.9804514913763367,2.002237860358556,0.3028095667870036,0.05295126353790613,0.2013802379467972,0.0243392026124256,0.3124200254050684,0.06294922469397556,0.6110993792336916,0.14087031136775627,0.2480303093985521,0.0,0.0,0.0,1.0,0.5788849891253476,11590660,야간 소비형,불명확,2030 자취/거주성 높음
송파구,오륜동,1166364.03,30707.57,9567.73,169143.63,12222.74,163545.98,60528.799999999996,123947.64,0.5672678267708167,0.5672678267708167,-3.7077630281291474,0.05239307268433482,0.017389136709525063,0.0882344591477756,0.02749170585044492,0.4860136022271209,0.03512055344020652,0.46992943730464265,0.17392212835023674,0.35614843434512067,0.0,0.0,0.0,1.0,0.5672678267708167,11710566,관찰 필요,불명확,방문성 검토
송파구,풍납동,2151931.02,73602.04000000001,39476.51,180248.88,42806.25,374542.26,84671.14,105855.99,0.5464873904554102,0.5464873904554102,-1.3558314250202965,0.13673903829094947,0.02832450337042238,0.14743561917613102,0.05065993075734691,0.3281921539323017,0.07358116493723307,0.635918624992782,0.14572986399296675,0.2183515110142512,0.0,0.0,0.0,1.0,0.5464873904554102,11710520,관찰 필요,생활 밀착형,방문성 검토
송파구,거여동,1382418.99,62163.549999999996,7203.39,110937.69,22651.34,205863.58,48136.0,82569.04999999999,0.5390464234510043,0.5390464234510043,-1.8092626110693635,0.11738401037216367,0.03154019055809717,0.18351039656869905,0.021239645214032814,0.3310498928255362,0.06714292391885783,0.6111415106711906,0.14327796087967012,0.24558052844913925,0.0,0.0,0.0,1.0,0.5390464234510043,11710532,관찰 필요,불명확,방문성 검토
성북구,삼선동,1405747.18,70324.12,11081.08,185584.13,32691.08,311875.57,69128.25,109624.02,0.5274912234748081,2.073439998137296,2.20849824951784,0.35201815142106524,0.053747313112013376,0.14333495628784537,0.022585510027315205,0.37825845757142523,0.06663111494039964,0.6356662720158726,0.14089752835876576,0.22343619962536165,0.0,0.0,0.0,1.0,0.5274912234748081,11290555,관찰 필요,생활 밀착형,2030 자취/거주성 높음
관악구,신사동,626977.77,63147.1,3086.91,76659.85,21007.72,168081.98,37614.83,67215.39,0.5246261378801513,4.008319325180715,4.97670455328652,0.5398314825638029,0.08586791350087668,0.23138247392384803,0.011311000387670465,0.28089565068912276,0.07697611173117215,0.6158829836115791,0.13782758704081385,0.24628942934760703,0.0,0.0,0.0,1.0,0.5246261378801513,11620685,소규모 2030 집중형,불명확,2030 자취/거주성 높음
서초구,반포동,8183828.720000001,226607.45,88196.88,955290.87,110936.75,1289240.95,332893.59,636652.31,0.5232221832659104,0.7999385240930872,-1.7189318020413245,0.1351982901185685,0.028241054501431575,0.12023944152337865,0.036301190166584195,0.4009504798939135,0.05341728173709362,0.5783601733793564,0.1457881610476956,0.27585166557294805,0.0,0.0,0.0,1.0,0.5232221832659104,11650581,광역 목적지형,불명확,방문성 검토
종로구,부암동,606860.87,19882.58,6855.33,85842.35,8386.63,130934.42,23944.73,39158.54,0.512805478424962,0.512805478424962,-1.0486228774460415,0.20779094076655052,0.03337979094076655,0.102467618533286,0.03532988874481035,0.44240039138787934,0.043221654514646095,0.6747885939066787,0.1234024688708673,0.20180893722245405,0.0,0.0,0.0,1.0,0.512805478424962,11110550,관찰 필요,생활 밀착형,방문성 검토
종로구,이화동,3376733.58,67084.15000000001,86435.0,640257.63,55560.44,976997.39,214115.23,248725.35,0.5008766995215546,2.2942245818111875,2.5619255461280472,0.4273459119496855,0.07218616352201258,0.04659145778743424,0.06003106030048645,0.44467338918697913,0.03858798084064973,0.6785467603691546,0.14870786467730115,0.17274537495354425,0.0,0.0,0.0,1.0,0.5008766995215546,11110640,광역 목적지형,생활 밀착형,2030 자취/거주성 높음
송파구,문정동,3965171.1300000004,154507.28,81758.59,470647.59,68321.68,940394.02,219137.04,286460.03,0.494178627804049,1.9432272030014308,1.6990384219892294,0.326712030049208,0.05409009852177656,0.12857776355193937,0.04637920831129641,0.32556410112853806,0.05176499035775552,0.6397480089620035,0.14967754466012917,0.21057444637786726,0.0,0.0,0.0,1.0,0.494178627804049,11710641,관찰 필요,생활 밀착형,방문성 검토
성동구,용답동,804306.09,48644.74,10642.83,84238.18000000001,25866.08,180461.48,41383.45,64127.45,0.4790869233192816,2.1963719993498847,2.453264394329433,0.3905724444444445,0.06626666666666667,0.17010293091941256,0.03721628641199545,0.2945675383056224,0.09044957418615043,0.6310451379954946,0.14471135289359063,0.2242435091109148,0.0,0.0,0.0,1.0,0.4790869233192816,11200790,관찰 필요,생활 밀착형,2030 자취/거주성 높음
광진구,광장동,1622734.79,53728.44,10883.68,140055.15,23174.02,219607.79,52322.31,95583.9,0.4747772764990371,0.4747772764990371,-3.038584910126655,0.04803571428571429,0.01844143907563025,0.146194267429268,0.029614327617451308,0.38108793134411206,0.0630561556838651,0.5975494538983549,0.14236820910223827,0.2600823369994068,0.0,0.0,0.0,1.0,0.4747772764990371,11215810,관찰 필요,불명확,방문성 검토
도봉구,방학동,2500030.81,96625.34,10203.560000000001,182364.28,40699.97,321425.53,74018.38,136014.44,0.135721787473253,0.135721787473253,-2.0953863331714597,0.0812965219623392,0.03907891068092498,0.18824953423823435,0.018541934504191424,0.34163756306378007,0.08001688747777784,0.6034949217899149,0.13837525773180817,0.2581298204782769,0.0,0.0,0.0,1.0,0.46905512080658635,11320710,관찰 필요,목적 방문형,방문성 검토
관악구,신림동,1183831.47,138264.53,11085.38,184877.03,55935.82,382294.76,91750.5,166536.09,-0.034033517408066594,5.624727283352112,8.08394400108597,0.804471485119484,0.1085984459756634,0.21584226577935808,0.01730518692122398,0.28860819941136284,0.08732040044562646,0.5967934595660646,0.14323005188958438,0.2599764885443512,0.0,0.0,0.0,1.0,0.4659664825919334,11620695,핵심 후보형,목적 방문형,2030 자취/거주성 높음
관악구,서림동,642964.05,66999.12,4016.55,72369.77,26113.11,165307.39,35747.44,66024.45,0.4505763399606453,4.030856067364315,5.114685324862386,0.5754418181818183,0.07590454545454545,0.2508585465708908,0.015038792975628809,0.27096736968888036,0.09777287852505817,0.6189450188722989,0.13384580039305183,0.24720918073464923,0.0,0.0,0.0,1.0,0.4505763399606453,11620665,소규모 2030 집중형,생활 밀착형,2030 자취/거주성 높음
관악구,행운동,879093.9,88635.95,5733.8,95458.48,27900.36,226603.19,50359.52,85058.37,0.440631832762981,4.1042621428109225,5.233757585782774,0.5693179113359119,0.07385078845581672,0.24483643328173044,0.015838304222505494,0.263682103815612,0.07706832983316883,0.6259392132634928,0.13910659567116918,0.23495419106533794,0.0,0.0,0.0,1.0,0.440631832762981,11620575,야간 소비형,생활 밀착형,2030 자취/거주성 높음
양천구,신월동,3430395.12,160366.62,22278.69,265040.83,60858.26,510376.65,116414.58,204579.64,0.35715915097249323,0.35715915097249323,-2.1337909685731513,0.1063502281123646,0.028546612388403194,0.19435831159188227,0.026435918529190094,0.31807751769872106,0.07292687987527316,0.6142345514578766,0.139952603318996,0.24581284522312724,0.0,0.0,0.0,1.0,0.42858772240106463,11470560,관찰 필요,생활 밀착형,방문성 검토
구로구,항동,417384.6,19529.64,2833.89,44556.840000000004,6492.08,77900.17,17079.61,28363.280000000002,0.41523686256458353,0.41523686256458353,0.0,0.0,0.0,0.15833594528950393,0.02297567451302084,0.36124318628060637,0.052634335486731076,0.6315731910656344,0.13847240371691769,0.229954405217448,0.0,0.0,0.0,1.0,0.41523686256458353,11530800,관찰 필요,생활 밀착형,방문성 검토
강북구,삼각산동,999341.39,39851.89,4783.04,74782.35,15771.61,134813.3,28947.06,49243.15,0.4085819230956672,0.4085819230956672,-3.208453903388434,0.042691425293948954,0.022232578147404647,0.18709499200271393,0.022455216817788587,0.3510850595842294,0.07404389721089573,0.6329158613395619,0.13589945067102416,0.23118468798941388,0.0,0.0,0.0,1.0,0.4085819230956672,11305575,관찰 필요,생활 밀착형,방문성 검토
송파구,마천동,989800.4099999999,41994.84,4351.77,64652.66,17453.73,122172.33,27771.92,53394.49,-0.09703696829580799,-0.09703696829580799,-1.8709530821205291,0.10297759607578114,0.038300499825378614,0.20738032611684404,0.021426407524878704,0.31715477967272293,0.08584384074194137,0.6009696202961017,0.13698267869789046,0.26204770100600794,0.0,0.0,0.0,1.0,0.402963031704192,11710540,관찰 필요,목적 방문형,방문성 검토
관악구,청룡동,1745384.52,162283.18,10664.89,256379.1,45530.5,486868.42,111356.83,198396.27,0.3936529817361585,4.530178690036481,5.909322440429031,0.6454271780360046,0.06542115720392558,0.20371428077915846,0.013387649884226074,0.32183300797598335,0.057154494144220455,0.6111665424253163,0.13978636931625948,0.24904708825842414,0.0,0.0,0.0,1.0,0.3936529817361585,11620595,핵심 후보형,불명확,2030 자취/거주성 높음
강북구,우이동,1026897.96,31443.89,4401.53,88310.51,16008.77,117749.7,27407.57,67075.82,-0.1066007487780215,-0.1066007487780215,-1.6127455099775636,0.11572373696872494,0.03699679230152366,0.14815733964953345,0.020739131678288242,0.41610151367065334,0.07543013203077804,0.5548131066649409,0.12913900466699138,0.31604788866806777,0.0,0.0,0.0,1.0,0.3933992512219785,11305645,관찰 필요,목적 방문형,방문성 검토
강북구,인수동,1049740.45,40378.25,5660.93,66310.05,20980.8,133121.56,29147.68,51144.05,0.3825892988171349,0.3825892988171349,-1.0162978516893924,0.12137358291589771,0.03855523332454522,0.18920213450624374,0.026525667637662117,0.3107119055237844,0.09831065347429861,0.6237735241324474,0.13657856078222683,0.23964791508532576,0.0,0.0,0.0,1.0,0.3825892988171349,11305660,관찰 필요,생활 밀착형,방문성 검토
성북구,월곡동,2138654.62,86260.75,14789.710000000001,221508.2,39522.41,398441.20999999996,81333.9,123384.54000000001,0.3778707144146674,0.9329187524126628,-0.32443725441840254,0.19211198116798076,0.041845662876569795,0.14466601773832521,0.02493469625611497,0.36658877039659893,0.06681321030272626,0.65817496139536,0.13529196200181337,0.2065330766028266,0.0,0.0,0.0,1.0,0.3778707144146674,11290715,관찰 필요,생활 밀착형,방문성 검토
도봉구,쌍문동,2763200.64,113094.48,16614.81,227505.08000000002,49681.79,418410.0,88123.69,153168.58,0.24688055732443304,0.2967128129715688,-1.295557142379716,0.13781769219095277,0.03807599571206653,0.17740345264163004,0.02418367977643937,0.34047853980768705,0.0761145632694383,0.6282716617501036,0.13465244137081173,0.2370758968790847,0.0,0.0,0.0,1.0,0.37188055732443304,11320680,관찰 필요,불명확,방문성 검토
동대문구,청량리동,1066661.53,37456.26,7293.32,84892.88,20532.14,150599.81,35107.35,62228.33,0.371319619340048,0.371319619340048,-1.1118222315211528,0.13126254022335795,0.044690516751845544,0.15107260360346153,0.029416200157549047,0.3423990651761876,0.08281242834577655,0.6074152998427131,0.14159872795943815,0.25098597219784874,0.0,0.0,0.0,1.0,0.371319619340048,11230705,관찰 필요,불명확,방문성 검토
중구,동화동,450606.78,18188.01,3214.6800000000003,44888.01,7766.76,78382.17,18494.44,30674.66,0.3547064265387228,0.3547064265387228,-2.471558056980614,0.10731582786287382,0.034857768052516405,0.14259371937260992,0.025203041882687644,0.35192130976038105,0.06089127924794477,0.6145150103170278,0.14499612587158087,0.24048886381139128,0.0,0.0,0.0,1.0,0.3547064265387228,11140665,관찰 필요,불명확,방문성 검토
관악구,청림동,267779.43,14848.5,879.2,19620.47,4602.31,40166.2,8993.37,15906.26,0.3535741703386639,0.3535741703386639,-2.0972944769327473,0.10114559561843907,0.03328388863532633,0.2282073401661056,0.013512468833487562,0.3015479860934687,0.07073313289018215,0.6173163394672748,0.13821955395020705,0.24446410658251805,0.0,0.0,0.0,1.0,0.3535741703386639,11620545,관찰 필요,생활 밀착형,방문성 검토
광진구,화양동,2418489.2,211340.13999999998,28384.239999999998,540826.52,79000.94,887512.84,194847.63,326170.5,0.34975643643544796,5.59646091350898,7.495292110105046,0.7152765088407589,0.10042672112645779,0.1500429486474124,0.02015166198298075,0.38396494753679433,0.056087471047938695,0.6300982079222581,0.1383339338289452,0.2315678582487966,0.0,0.0,0.0,1.0,0.34975643643544796,11215710,관찰 필요,생활 밀착형,2030 자취/거주성 높음
강남구,도곡동,3341989.02,84773.4,54452.39,304240.74,39594.81,584620.7,137089.03,174403.5,0.31370599683729106,0.31370599683729106,-1.9085627666113025,0.10978562151462645,0.028130595683994036,0.09610661729589226,0.059251353194819945,0.34155710056307054,0.045051639923183034,0.6504325532942936,0.1520973729865841,0.1974700737191223,0.0,0.0,0.0,1.0,0.31370599683729106,11680655,광역 목적지형,생활 밀착형,방문성 검토
구로구,가리봉동,432171.01,22876.07,9831.22,44723.36,11431.14,128242.84,28631.8,28782.22,0.2762780550165822,2.1365763152368764,2.657568943171849,0.4453954998840176,0.06571097193226628,0.1232169390347332,0.05295371256413579,0.2408925799994678,0.061571331110522924,0.6907519603638669,0.15421891763116105,0.15502912200497196,0.0,0.0,0.0,1.0,0.2762780550165822,11530595,소규모 2030 집중형,생활 밀착형,2030 자취/거주성 높음
양천구,신정동,6641042.93,265287.31,35922.94,519761.35000000003,94112.59,898464.67,210652.9,382767.66,0.18346108355135152,0.26731776673528107,-2.4528393678701623,0.08658463501459181,0.022471939360737103,0.17528816265467373,0.024298740738628286,0.35242221133080714,0.06222757507929155,0.6045308287256305,0.14088345754925402,0.2545857137251154,0.0,0.0,0.0,1.0,0.26679441688468486,11470640,관찰 필요,불명확,방문성 검토
구로구,구로동,7278339.82,305392.18,109603.20999999999,747443.28,128290.88,1626402.49,386407.20999999996,504904.24,0.22158811326163003,1.4716034718031448,1.5339614588130872,0.27855320753092744,0.05937902074507524,0.15051386464634592,0.037105138203167756,0.3053341402474458,0.059769890487122536,0.6351487557455405,0.14741066075173942,0.21744058350272005,0.0,0.0,0.0,1.0,0.22158811326163003,11530520,관찰 필요,생활 밀착형,방문성 검토
강북구,미아동,926399.32,46300.75,5639.6,83414.99,23836.77,162194.87,36279.479999999996,61144.54,0.19630796099972203,1.302260924642186,1.57993280520352,0.30777186761229314,0.0559589243498818,0.17834122162682384,0.021722610400190835,0.32129784546879464,0.09181446696733045,0.6247421749626924,0.13974129540419802,0.2355165296331095,0.0,0.0,0.0,1.0,0.19630796099972203,11305535,관찰 필요,생활 밀착형,2030 자취/거주성 높음
강남구,역삼동,10329780.19,334521.44,272093.8,1626132.6500000001,208573.5,3286443.91,788528.3,797993.92,0.18748502717438553,2.9276710113584765,3.9145514059772735,0.47869729879199496,0.058649464306833377,0.07414204760417459,0.06290407935393995,0.3246948965122118,0.04908937019155446,0.6820467672983793,0.15997322158529637,0.15798001111632426,0.0,0.0,0.0,1.0,0.18748502717438553,11680650,광역 목적지형,생활 밀착형,2030 자취/거주성 높음
금천구,시흥동,3576570.04,146362.77,23600.36,266918.3,54798.18,520361.72,119661.55,194763.18,0.07805760109022877,0.08099203659182666,-1.7550055782815015,0.10678381637556122,0.038815906964851384,0.18110273562721055,0.02645336553166966,0.3217659169997971,0.0673032696152431,0.622488140392768,0.14236584380172282,0.23514601580550912,0.0,0.0,0.0,1.0,0.17805760109022878,11545670,관찰 필요,생활 밀착형,방문성 검토
강남구,수서동,1436061.12,30857.2,29305.18,136095.85,18830.72,250531.01,60616.28,75396.83,0.16880914884805653,0.16880914884805653,-2.1151523188471915,0.12939192777482741,0.020775358470525758,0.07982840354679306,0.0758132862039138,0.3520836120854717,0.04871557740937826,0.6481304385124265,0.1568159412177839,0.19505362026978965,0.0,0.0,0.0,1.0,0.16880914884805653,11680750,관찰 필요,생활 밀착형,방문성 검토
강동구,고덕동,1943491.33,66331.94,11935.35,136608.15,25273.02,241925.55,53920.75,99377.09,-0.08385190249787244,-0.08385190249787244,-2.6864394961040823,0.08732039737388761,0.022252650859997957,0.17366449210555096,0.029292933421811905,0.3438319136413922,0.06718593784721011,0.6116549926148518,0.13586825453035162,0.2524767528547967,0.0,0.0,0.0,1.0,0.16614809750212756,11740560,관찰 필요,불명확,방문성 검토
용산구,서빙고동,870892.39,22086.75,7791.26,127954.28,15094.92,123715.52,30430.43,92168.68000000001,0.1660226140867545,0.1660226140867545,-1.4891526205089387,0.17557157569515963,0.03124957088911775,0.08966885158222229,0.031631332657747535,0.5194749495797306,0.06128308334750559,0.5022662275480754,0.12354292556637825,0.3741908468855464,0.0,0.0,0.0,1.0,0.1660226140867545,11170690,관찰 필요,불명확,방문성 검토
성동구,사근동,1781347.31,100303.67,20344.8,426456.6,40273.07,668447.86,131484.57,153969.15,0.1534281457956257,4.120512232335742,5.6672629807715955,0.5871760241098337,0.10307958477508651,0.10515096326813926,0.021327986478437325,0.4470656186563817,0.042219313652882305,0.7007513919832274,0.1378387170718388,0.16140989094493374,0.0,0.0,0.0,1.0,0.1534281457956257,11200550,생활권형,생활 밀착형,2030 자취/거주성 높음
마포구,대흥동,1734312.27,78361.22,20071.08,331218.47000000003,34072.799999999996,506650.82,109884.63,155082.25,0.12535694145541587,2.898383264886679,3.9614661763303767,0.4832020997375328,0.07869553805774279,0.10155446149045053,0.026011689467465564,0.4292520376346992,0.044157618468316624,0.6566086029389944,0.14240812516353632,0.20098327189746945,0.0,0.0,0.0,1.0,0.12535694145541587,11440600,관찰 필요,생활 밀착형,2030 자취/거주성 높음
종로구,가회동,640705.06,6753.15,17346.25,130256.88,8081.44,138218.92,36060.87,75050.79,0.11405224628244498,0.515619483593684,0.5736674818731987,0.3556928838951311,0.07855805243445693,0.027085125298308775,0.06957128965087235,0.5224264107515413,0.03241255043805698,0.5543600788960584,0.14463075487972638,0.30100916622421525,0.0,0.0,0.0,1.0,0.11405224628244498,11110600,소규모 2030 집중형,불명확,2030 자취/거주성 높음
서초구,내곡동,1070306.81,24128.8,38551.86,104535.56,19469.36,213649.32,47215.49,51491.65,0.101295615488872,0.101295615488872,-1.7420436017587835,0.12238583013230901,0.030328638497652584,0.07724764200490682,0.12342264347598253,0.334667514159944,0.062330582181652334,0.6839920006776873,0.1511589995609503,0.16484899976136239,0.0,0.0,0.0,1.0,0.101295615488872,11650660,관찰 필요,생활 밀착형,방문성 검토
강남구,일원본동,1189796.64,33299.06,23152.81,94316.22,16959.02,174511.04,39696.14,56114.020000000004,0.05873701196426769,0.05873701196426769,-3.1555377758223426,0.05644457432300799,0.021864406779661016,0.12318330933718849,0.08564925725396307,0.3489042664800245,0.0627365519241554,0.6455691969405285,0.14684804595422038,0.2075827571052511,0.0,0.0,0.0,1.0,0.05873701196426769,11680720,관찰 필요,생활 밀착형,방문성 검토
성북구,동선동,1350814.45,94913.69,9086.06,244278.19999999998,33432.3,383057.28,87858.75,143151.67,0.040094627201698874,3.6261313180301817,5.122909558326405,0.6025824244703523,0.0812022063432368,0.15456551451900175,0.014796511850403466,0.3978033692376264,0.054443996972972204,0.6238030106452432,0.14307665099467046,0.2331203383600864,0.0,0.0,0.0,1.0,0.040094627201698874,11290575,관찰 필요,생활 밀착형,2030 자취/거주성 높음
종로구,교남동,650277.52,19202.62,10785.82,66912.57,10169.38,116032.87,25702.58,35404.04,0.03443576612498503,0.03443576612498503,-2.569219593111443,0.14956140350877195,0.020283797729618164,0.10840394764600485,0.06088885092759384,0.3777394300954576,0.05740888155430503,0.6550367171092115,0.14509796770895075,0.19986531518183778,0.0,0.0,0.0,1.0,0.03443576612498503,11110580,관찰 필요,생활 밀착형,방문성 검토
동대문구,이문동,2147981.83,123133.98000000001,18519.51,374289.92,54741.810000000005,610213.31,121028.84,169618.18,0.0149850765835437,2.16515863559505,2.6878635500335024,0.3846114450091366,0.06818990640233,0.16303416894167663,0.01967756855642508,0.3749820412295311,0.07148820605563089,0.6520411512554283,0.1359543318864636,0.21200451685810812,0.0,0.0,0.0,1.0,0.0149850765835437,11230750,관찰 필요,불명확,방문성 검토
강북구,번동,2124629.4,90833.64,10984.92,186151.8,44317.62,329536.87,76276.41,133333.16,-0.1671869453680843,0.3270239918612995,-0.9807288987725689,0.17397466505473638,0.043716462224769076,0.1767471263204021,0.021028231735647412,0.3352071205326738,0.08539288024987275,0.6129795674945034,0.1404915035335901,0.24652892897190648,0.0,0.0,0.0,1.0,-0.0005202787014176128,11305608,관찰 필요,목적 방문형,방문성 검토
중구,신당동,1540968.72,77655.45999999999,12723.75,158951.0,46700.18,300552.18,69118.52,121289.57,-0.25453677435797234,1.3873849130239353,2.3456024105455824,0.35109475424565,0.0920776959454808,0.1640604007103609,0.024104770747735017,0.3203961278576478,0.08928002902244797,0.6049740553252622,0.1438204013131386,0.2512055433615992,0.0,0.0,0.0,1.0,-0.004536774357972395,11140650,관찰 필요,목적 방문형,방문성 검토
동대문구,제기동,1595263.89,72707.84,13645.130000000001,174322.97,41548.95,309382.89,65163.31,99762.03,-0.008634110826741148,1.5901830557706804,2.2840245237106025,0.33479113573407204,0.06029141274238227,0.15329238541781154,0.02876848668638957,0.3675309829643901,0.08759904925115888,0.6522823565595731,0.13738599897370535,0.21033164446672156,0.0,0.0,0.0,1.0,-0.008634110826741148,11230545,관찰 필요,생활 밀착형,2030 자취/거주성 높음
강동구,명일동,2285828.91,76534.98,9724.47,172103.63,28959.21,268717.99,63957.17,127979.51999999999,-0.028844987814147266,-0.028844987814147266,-2.5365920102356654,0.08069325443263708,0.025983496443147385,0.16809696547615988,0.021242070294390125,0.37600329651052655,0.06297683269883458,0.5868123750535683,0.1392764819254274,0.2739111430210041,0.0,0.0,0.0,1.0,-0.028844987814147266,11740530,관찰 필요,불명확,방문성 검토
종로구,평창동,760981.62,26512.96,5855.0,58694.15,11386.18,99397.2,21374.94,40560.98,-0.03649920821946662,-0.03649920821946662,-2.1581903653145966,0.10989304812834225,0.02762032085561497,0.16433674623040823,0.03629137030263842,0.3638071959433996,0.07057558919086174,0.6160991617840156,0.13248947271335235,0.2514113655026321,0.0,0.0,0.0,1.0,-0.03649920821946662,11110560,관찰 필요,생활 밀착형,방문성 검토
관악구,난향동,400639.19,17092.6,3573.86,31194.739999999998,4835.09,62914.5,14840.73,19303.51,-0.053850902668704514,-0.053850902668704514,-2.404504859488405,0.09354934924078091,0.034170281995661606,0.17610572731523197,0.03682161956769684,0.3214006281144799,0.049816121659935,0.6482105578539346,0.15290462249973572,0.19888481964632962,0.0,0.0,0.0,1.0,-0.053850902668704514,11620715,관찰 필요,생활 밀착형,방문성 검토
종로구,혜화동,1552749.21,82665.26,12386.720000000001,343595.51,29461.3,446626.27,105228.88,183107.37,-0.05612242335492379,3.3800674063553493,4.908842613871819,0.561241466744685,0.0757284961966062,0.11247547698078535,0.016853539687983,0.4675007237103737,0.040085445445571834,0.6076857769563542,0.14317584521180754,0.24913837783183826,0.0,0.0,0.0,1.0,-0.05612242335492379,11110650,광역 목적지형,불명확,2030 자취/거주성 높음
종로구,창신동,1088091.68,35470.58,6889.4400000000005,106408.34999999999,19614.15,147370.66,34541.09,80329.66,-0.391835501391526,-0.391835501391526,-1.1592874891735334,0.19327729264226634,0.049059655592603134,0.1541182013423242,0.024824580748458714,0.37521988893676456,0.0800179213015848,0.5768427415111832,0.13260274933044255,0.29055450915837433,0.0,0.0,0.0,1.0,-0.22516883472485935,11110680,관찰 필요,목적 방문형,방문성 검토
영등포구,영등포동,3452346.2,187606.66999999998,45135.409999999996,568136.66,60781.77,849677.71,217736.02,442956.01,-0.25551724382382934,3.5497790443442945,5.436137554525891,0.5855185395652792,0.07428967182838471,0.12421241304794678,0.029883682653758674,0.3761573374742002,0.040242973882673255,0.5625627205693355,0.1441607404025454,0.29327653902811907,0.0,0.0,0.0,1.0,-0.25551724382382934,11560535,광역 목적지형,불명확,2030 자취/거주성 높음
중구,필동,1501215.53,35817.29,21230.64,278001.6,16723.26,438976.45,93069.16,92455.45999999999,-0.2565337757909876,1.8087012104598061,2.950335694643991,0.48831526271893244,0.08789824854045038,0.05735344856975186,0.03399616272875241,0.44515792422901695,0.02677859302947231,0.702923455359332,0.14902962456093152,0.1480469200797366,0.0,0.0,0.0,1.0,-0.2565337757909876,11140570,광역 목적지형,생활 밀착형,2030 자취/거주성 높음
도봉구,도봉동,2004435.99,60549.59,9515.990000000002,132912.77000000002,26298.82,224951.53,52357.84,97575.70000000001,-0.31973707719573724,-0.31973707719573724,-1.6261879210733814,0.10255516003248108,0.04033709885978787,0.16069177148323532,0.02575080349283006,0.3563023197547721,0.0693983634158698,0.5978684886722729,0.13923301615076245,0.2628984951769647,0.0,0.0,0.0,1.0,-0.31973707719573724,11320522,관찰 필요,불명확,방문성 검토
종로구,숭인동,1091156.48,51737.29,7236.99,105242.97,25493.53,176018.93,41094.36,78747.45,-0.6232494119490052,0.5962699660551097,1.5581534730670596,0.39292067317308516,0.06194487161925451,0.173006484214336,0.025653853285750487,0.3524567756003185,0.08718940411552589,0.5990846159135946,0.1395439277909421,0.2613714562954632,0.0,0.0,0.0,1.0,-0.3732494119490052,11110700,관찰 필요,불명확,방문성 검토
강남구,대치동,7247618.16,160118.89,122939.9,665514.94,90661.38,1273122.44,305325.70999999996,357294.1,-0.37566125137450185,0.24315971773517076,-1.0516279022937078,0.1811292232114096,0.03792507299384794,0.0878355458341845,0.05962475016025965,0.3572684034649806,0.04741156549911873,0.6484828962009467,0.15519006684350267,0.19632703695555068,0.0,0.0,0.0,1.0,-0.37566125137450185,11680610,광역 목적지형,생활 밀착형,방문성 검토
용산구,보광동,299281.85,13714.06,3518.19,27495.22,7124.6,54381.61,12815.189999999999,21421.83,-0.3944643702899566,0.4307253249720142,1.1788424218028155,0.33537013536379023,0.044661590524534694,0.15475369005366027,0.0397003429188648,0.3102645572381338,0.08039618757365127,0.6136588886558052,0.14461056326418043,0.24173054808001435,0.0,0.0,0.0,1.0,-0.3944643702899566,11170700,관찰 필요,불명확,2030 자취/거주성 높음
노원구,중계동,1879298.2599999998,56151.42,7201.17,136133.09,20971.769999999997,205838.84000000003,48450.36,91328.9,-0.4208985571684303,-0.4208985571684303,-2.843392662002418,0.07038909768977444,0.026967948241685136,0.16472210801618775,0.020912131380926357,0.3888771108454025,0.061501095553376836,0.5963280543706146,0.14031545237032983,0.26335649325905564,0.0,0.0,0.0,1.0,-0.4208985571684303,11350624,관찰 필요,불명확,방문성 검토
관악구,대학동,2031549.58,104493.11,24825.37,426611.71,40719.63,739249.42,146503.32,159252.81,-0.42100887380395857,3.9084047242758544,6.184876568685447,0.6625883713247439,0.08473323422530558,0.09999287563592366,0.023756208758891277,0.408238702655694,0.03896594616172134,0.7074119558503781,0.1401938200232525,0.15239422412636947,0.0,0.0,0.0,1.0,-0.42100887380395857,11620735,관찰 필요,생활 밀착형,2030 자취/거주성 높음
동대문구,회기동,1020949.34,59203.67,15387.25,187662.87,25046.53,321419.61,66111.06,81969.87,-0.5542362015484512,3.113226148121012,5.239231928099233,0.5933548387096774,0.08687455197132617,0.12609925858658225,0.03277365772571848,0.39970746359524956,0.05334718038875951,0.6845990209084744,0.14081146743728984,0.1745895116542358,0.0,0.0,0.0,1.0,-0.5542362015484512,11230710,관찰 필요,생활 밀착형,2030 자취/거주성 높음
성북구,안암동,1943005.92,102887.24,22456.23,475697.62,43429.6,752634.39,135335.31,141080.28,-0.5684442742010072,4.049472145369672,6.597023456529541,0.6482784616852754,0.11245347838534211,0.09998274330659819,0.021822292829741855,0.46226872284667847,0.0422035866518359,0.7313875949931995,0.13151480747319969,0.13709759753360085,0.0,0.0,0.0,1.0,-0.5684442742010072,11290600,관찰 필요,생활 밀착형,2030 자취/거주성 높음
노원구,중계본동,905078.44,26076.9,3990.34,58423.57,10226.73,90022.84,21753.53,40857.659999999996,-0.5871407652566156,-0.5871407652566156,-3.011196263002568,0.06073404255319149,0.02714255319148936,0.17084591162272267,0.026143187073026902,0.3827689670514498,0.0670016378392158,0.5897953424934138,0.14252083889811465,0.2676838186084715,0.0,0.0,0.0,1.0,-0.5871407652566156,11350619,관찰 필요,불명확,방문성 검토
관악구,조원동,1290518.04,74034.94,14797.49,164572.99,24618.36,303831.48,73214.12,114713.96,-0.6430879047651641,2.577307599347874,4.600565005875769,0.5104773502191914,0.09114223088163663,0.15055109452269724,0.03009090458759968,0.33466149595546246,0.05006178222544367,0.6178455991785904,0.14888194547758257,0.23327245534382698,0.0,0.0,0.0,1.0,-0.6430879047651641,11620725,관찰 필요,생활 밀착형,2030 자취/거주성 높음
종로구,종로1·2·3·4가동,6440743.7,127607.19,117383.73,1023339.33,68948.89,1517957.41,389987.6,529212.99,-0.7366683335092943,2.087410633062644,4.034398523674198,0.5436151515151515,0.0974,0.05235901406474262,0.0481641854980268,0.4198904338577966,0.028290693504483502,0.6228391470721225,0.16001736448765322,0.2171434884402242,0.0,0.0,0.0,1.0,-0.7366683335092943,11110615,광역 목적지형,생활 밀착형,2030 자취/거주성 높음
중구,광희동,1558086.68,48453.68,28546.71,224783.26,26159.1,353850.48,84999.83,133935.08,-0.77369111668803,1.5866594158711156,3.371929332227351,0.4836180904522613,0.09669681742043551,0.08459307944289571,0.04983840457243506,0.39243888535634613,0.04566998470404421,0.6177714833124497,0.14839734302580587,0.23383117366174438,0.0,0.0,0.0,1.0,-0.77369111668803,11140590,광역 목적지형,생활 밀착형,2030 자취/거주성 높음
종로구,무악동,216963.52,7373.76,2605.84,18874.29,2989.41,29735.97,7327.67,14657.36,-0.7783704772309785,-0.7783704772309785,-3.1821889894318933,0.12130644190246839,0.0194942805538832,0.14256800912588696,0.05038262987954603,0.36492507878811314,0.05779876645849848,0.5749302991048124,0.14167688173082502,0.28339281916436265,0.0,0.0,0.0,1.0,-0.7783704772309785,11110570,관찰 필요,불명확,방문성 검토
중구,소공동,2777092.15,27256.899999999998,77735.47,384482.32,34515.4,746385.75,176655.82,135613.56,-0.8024332652337118,1.2546348179654998,2.9386686902845884,0.4831957547169811,0.13549528301886793,0.02574672263667206,0.07342851113374382,0.3631799526631492,0.032603063095722216,0.7050320060320305,0.16686814713683013,0.12809984683113945,0.0,0.0,0.0,1.0,-0.8024332652337118,11140520,광역 목적지형,생활 밀착형,2030 자취/거주성 높음
중구,장충동,776458.34,19044.61,11872.02,139015.5,11777.56,195320.1,42962.79,71730.95,-1.0039308000355929,1.2405771004028825,3.206439857769251,0.5341878928217003,0.07151835924578234,0.06143148318797638,0.0382951290174658,0.44841707712146006,0.03799043294325182,0.6300367106191129,0.13858345808045214,0.23137983130043482,0.0,0.0,0.0,1.0,-1.0039308000355929,11140580,관찰 필요,생활 밀착형,2030 자취/거주성 높음
종로구,삼청동,489578.1,5056.95,6377.97,108580.34,4878.99,95713.16,25573.52,62248.92,-1.1894459662948729,0.12495015822670408,1.8777087493165385,0.4661026200873362,0.09585152838427949,0.027552965201301544,0.034750587896843994,0.5916036997726871,0.026583344048783993,0.5214964290306622,0.1393381992376411,0.3391653717316967,0.0,0.0,0.0,1.0,-1.1894459662948729,11110540,소규모 2030 집중형,불명확,2030 자취/거주성 높음
중구,을지로동,1398197.84,39056.66,18557.95,202943.13,15227.4,313179.18,88062.68000000001,117228.59,-1.3182109833768387,1.4042828891114327,3.889276960697531,0.6670677966101695,0.09511016949152543,0.07533054198170792,0.03579365034207832,0.3914266087874439,0.02936985126153284,0.6040444156460604,0.16985091435779995,0.2261046699961396,0.0,0.0,0.0,1.0,-1.3182109833768387,11140605,관찰 필요,불명확,2030 자취/거주성 높음
금천구,가산동,4045979.7,126223.54000000001,132947.4,464967.54,69246.88,1343037.1,307990.21,203814.48,-1.438339728863688,3.1026605547102544,6.48714326224849,0.6512593132491091,0.09974975704567542,0.06805083898826757,0.07167587053341083,0.2506777357005742,0.037333038522924376,0.7240709731906569,0.16604662007318696,0.1098824067361562,0.0,0.0,0.0,1.0,-1.438339728863688,11545510,광역 목적지형,생활 밀착형,2030 자취/거주성 높음
중구,명동,4375701.78,45738.86,129845.83,712007.8099999999,48808.17,1185876.36,283387.36,307104.65,-1.4968439411938828,1.8607286796331663,4.796532315467213,0.5390777576853526,0.17808318264014467,0.02574852196901029,0.07309622947181839,0.40082216167809825,0.027476378674767776,0.667584708232561,0.15953186556682494,0.172883426200614,0.0,0.0,0.0,1.0,-1.4968439411938828,11140550,광역 목적지형,생활 밀착형,2030 자취/거주성 높음
서초구,반포본동,159415.18,3814.94,3642.22,15135.13,9002.31,26075.29,6385.85,10394.5,-1.5666574972545981,-1.5666574972545981,-3.757645955259504,0.12368942731277534,0.02170704845814978,0.08901838824481445,0.08498811358318298,0.35316541766731285,0.2100612661483996,0.6084447694632492,0.14900839189427578,0.24254683864247506,0.0,0.0,0.0,1.0,-1.5666574972545981,11650550,관찰 필요,불명확,방문성 검토
종로구,종로5·6가동,1416915.56,27995.94,15262.130000000001,191740.61,15284.91,273878.37,65247.2,80131.96,-2.1596775200433322,0.2609025533060054,3.457971533356197,0.5878988505747127,0.07754022988505746,0.06677504396879884,0.03640275703575318,0.4573337299392094,0.03645709118211902,0.6532461563659929,0.15562558888328135,0.19112825475072565,0.0,0.0,0.0,1.0,-2.1596775200433322,11110630,관찰 필요,생활 밀착형,2030 자취/거주성 높음
