d_admdong_cd,d_gu_name,d_admdong_name,residential_filter,candidate_type,adjusted_mobility_score,mobility_score,residential_dominance_score,cnt_2030,avg_daily_2030,date_count,share_2030,young_single_households,young_single_ratio,young_homebound_ratio,origin_diversity,evening_2030_ratio,avg_move_time_2030,morning_2030_ratio,afternoon_2030_ratio,late_night_2030_ratio,weekday_2030_ratio,friday_2030_ratio,weekend_2030_ratio,avg_move_dist_2030,total_cnt,d_center_x,d_center_y,weighted_move_time_2030,weighted_move_dist_2030,evening_2030_cnt,morning_2030_cnt,afternoon_2030_cnt,late_night_2030_cnt,weekday_2030_cnt,friday_2030_cnt,weekend_2030_cnt,row_count,active_days,d_gu_cd,d_area_sqm,gu_name,admdong_name,living_admdong_cd,young_population,young_low_weekend_outing_group,young_very_low_outing_group,residential_match_note,residential_penalty,visit_pattern_type,commercial_zone_ratio,residential_zone_ratio,total_sales,sales_per_store,food_sales_ratio,daytime_influx_ratio,commercial_potential_score
11620695,관악구,신림동,2030 자취/거주성 높음,핵심 후보형,-0.034033517408066594,5.624727283352112,8.08394400108597,640581.35,21352.711666666666,30,0.541108566745569,10974.6,0.804471485119484,0.1085984459756634,648,0.21584226577935808,40.410691241635426,0.01730518692122398,0.28860819941136284,0.08732040044562646,0.5967934595660646,0.14323005188958438,0.2599764885443512,8732.244831323922,1183831.47,193559.0,443079.0,25886335.15,5593713182.58,138264.53,11085.38,184877.03,55935.82,382294.76,91750.5,166536.09,193549,30,11620,541240.0,관악구,신림동,1121069,13642.0,1284.3600000000001,197.14,매칭,8.08394400108597,목적 방문형,0.0,0.0,0.0,0.0,0.0,1.0,0.4659664825919334
11215710,광진구,화양동,2030 자취/거주성 높음,관찰 필요,0.34975643643544796,5.59646091350898,7.495292110105046,1408530.97,46951.03233333333,30,0.5824011825233704,13309.15,0.7152765088407589,0.10042672112645779,648,0.1500429486474124,37.41440843150222,0.02015166198298075,0.38396494753679433,0.056087471047938695,0.6300982079222581,0.1383339338289452,0.2315678582487966,7664.550746101097,2418489.2,206486.0,449309.0,52699353.0,10795757097.02,211340.13999999998,28384.239999999998,540826.52,79000.94,887512.84,194847.63,326170.5,304952,30,11215,1166008.0,광진구,화양동,1105053,18607.0,1621.96,246.68,매칭,7.495292110105046,생활 밀착형,0.0,0.0,0.0,0.0,0.0,1.0,0.34975643643544796
11290600,성북구,안암동,2030 자취/거주성 높음,관찰 필요,-0.5684442742010072,4.049472145369672,6.597023456529541,1029049.98,34301.666,30,0.529617521700603,6793.31,0.6482784616852754,0.11245347838534211,638,0.09998274330659819,33.722239944069585,0.021822292829741855,0.46226872284667847,0.0422035866518359,0.7313875949931995,0.13151480747319969,0.13709759753360085,5900.53863745277,1943005.92,202404.0,454241.0,34701870.34,6071949166.86,102887.24,22456.23,475697.62,43429.6,752634.39,135335.31,141080.28,230867,30,11290,1379571.0,성북구,안암동,1108060,10479.0,1019.64,158.76000000000002,매칭,6.597023456529541,생활 밀착형,0.0,0.0,0.0,0.0,0.0,1.0,-0.5684442742010072
11545510,금천구,가산동,2030 자취/거주성 높음,광역 목적지형,-1.438339728863688,3.1026605547102544,6.48714326224849,1854841.79,61828.05966666667,30,0.45844070596795133,8041.75,0.6512593132491091,0.09974975704567542,648,0.06805083898826757,43.844650324597225,0.07167587053341083,0.2506777357005742,0.037333038522924376,0.7240709731906569,0.16604662007318696,0.1098824067361562,10061.911463467728,4045979.7,189721.0,441920.0,81324889.69,18663253869.72,126223.54000000001,132947.4,464967.54,69246.88,1343037.1,307990.21,203814.48,412469,30,11545,2512852.0,금천구,가산동,1118051,12348.0,1026.56,205.15,매칭,6.48714326224849,생활 밀착형,0.0,0.0,0.0,0.0,0.0,1.0,-1.438339728863688
11620735,관악구,대학동,2030 자취/거주성 높음,관찰 필요,-0.42100887380395857,3.9084047242758544,6.184876568685447,1045005.55,34833.51833333333,30,0.5143884059182056,8022.62,0.6625883713247439,0.08473323422530558,645,0.09999287563592366,36.05117698178732,0.023756208758891277,0.408238702655694,0.03896594616172134,0.7074119558503781,0.1401938200232525,0.15239422412636947,6910.572215372445,2031549.58,195445.0,439279.0,37673680.03,7221586318.74,104493.11,24825.37,426611.71,40719.63,739249.42,146503.32,159252.81,236537,30,11620,8405183.0,관악구,대학동,1121073,12108.0,666.72,359.23,매칭,6.184876568685447,생활 밀착형,0.0,0.0,0.0,0.0,0.0,1.0,-0.42100887380395857
11230740,동대문구,이문1동,2030 자취/거주성 높음,관찰 필요,-0.6644258631267497,3.6359212548962625,6.143353025747161,766523.07,25550.768999999997,30,0.4790680559909641,7776.43,0.6105865263819096,0.09842101130653266,634,0.12548660798950254,37.94494356184218,0.020931581354752964,0.4326920910547415,0.05620934540169809,0.6881307042722147,0.13366540944423239,0.17820388628355308,7099.27047326834,1600029.6,205338.0,455313.0,29085674.63,5441754597.93,96188.38,16044.539999999999,331668.47,43085.76,527468.06,102457.62,136597.38999999998,216661,30,11230,1039602.0,동대문구,이문1동,1106089,12736.0,996.21,257.28000000000003,매칭,6.143353025747161,생활 밀착형,0.0,0.0,0.0,0.0,0.0,1.0,-0.6644258631267497
11680640,강남구,역삼1동,2030 자취/거주성 높음,광역 목적지형,-0.008653162489332011,4.22043248339269,6.041550922688604,3872521.22,129084.04066666667,30,0.5215861596431783,10964.09,0.6298305376838236,0.07389016544117646,654,0.06482117869453533,48.035562439087165,0.05091426974801703,0.3399818916938046,0.038422056729233364,0.6691129584049121,0.16310134512316501,0.16778569647192276,11366.268386260774,7424509.16,203139.0,444598.0,186018734.86,44016115518.01,251021.38999999998,197166.59,1316587.09,148790.23,2591154.13,631613.42,649753.67,710018,30,11680,2362133.0,강남구,역삼1동,1123064,17408.0,872.37,413.91,매칭,6.041550922688604,생활 밀착형,0.0,0.0,0.0,0.0,0.0,1.0,-0.008653162489332011
11410585,서대문구,신촌동,2030 자취/거주성 높음,광역 목적지형,0.6799441516120224,4.855764704282899,5.965457932386967,2472196.95,82406.565,30,0.5655016752784773,10843.58,0.550938928970633,0.09251905294177422,652,0.08991748412277589,39.31330821761591,0.02450740423411654,0.4615708590692987,0.036138213017373064,0.6919173814206024,0.13960354574501033,0.16847907283438723,7490.954161152087,4371688.11,194838.0,451617.0,97190240.67,18519114029.79,222293.73,60587.13,1141094.07,89340.78,1710556.04,345127.46,416513.45,440827,30,11410,2720364.0,서대문구,신촌동,1113075,19682.0,1623.24,197.72,매칭,5.965457932386967,생활 밀착형,0.0,0.0,0.0,0.0,0.0,1.0,0.6799441516120224
11620595,관악구,청룡동,2030 자취/거주성 높음,핵심 후보형,0.3936529817361585,4.530178690036481,5.909322440429031,796621.52,26554.050666666666,30,0.45641605667500706,10719.9,0.6454271780360046,0.06542115720392558,642,0.20371428077915846,39.18085367565767,0.013387649884226074,0.32183300797598335,0.057154494144220455,0.6111665424253163,0.13978636931625948,0.24904708825842414,8318.008203920977,1745384.52,195207.0,442070.0,31212311.21,6626304338.78,162283.18,10664.89,256379.1,45530.5,486868.42,111356.83,198396.27,237345,30,11620,1195604.0,관악구,청룡동,1121080,16609.0,893.44,193.14,매칭,5.909322440429031,불명확,0.0,0.0,0.0,0.0,0.0,1.0,0.3936529817361585
11200550,성동구,사근동,2030 자취/거주성 높음,생활권형,0.1534281457956257,4.120512232335742,5.6672629807715955,953901.58,31796.71933333333,30,0.5354944398798906,5260.51,0.5871760241098337,0.10307958477508651,631,0.10515096326813926,36.03966711114998,0.021327986478437325,0.4470656186563817,0.042219313652882305,0.7007513919832274,0.1378387170718388,0.16140989094493374,6537.930744333184,1781347.31,204011.0,450956.0,34378295.4,6236542466.95,100303.67,20344.8,426456.6,40273.07,668447.86,131484.57,153969.15,223884,30,11200,1169216.0,성동구,사근동,1104055,8959.0,774.93,148.56,매칭,5.6672629807715955,생활 밀착형,0.0,0.0,0.0,0.0,0.0,1.0,0.1534281457956257
11560535,영등포구,영등포동,2030 자취/거주성 높음,광역 목적지형,-0.25551724382382934,3.5497790443442945,5.436137554525891,1510369.74,50345.658,30,0.4374908113212979,8242.93,0.5855185395652792,0.07428967182838471,650,0.12421241304794678,43.21668642540468,0.029883682653758674,0.3761573374742002,0.040242973882673255,0.5625627205693355,0.1441607404025454,0.29327653902811907,9900.813736906568,3452346.2,191832.0,446905.0,65273175.44,14953889469.6,187606.66999999998,45135.409999999996,568136.66,60781.77,849677.71,217736.02,442956.01,415465,30,11560,1372094.0,영등포구,영등포동,1119074,14078.0,829.67,216.18,매칭,5.436137554525891,불명확,0.0,0.0,0.0,0.0,0.0,1.0,-0.25551724382382934
11230710,동대문구,회기동,2030 자취/거주성 높음,관찰 필요,-0.5542362015484512,3.113226148121012,5.239231928099233,469500.54,15650.018,30,0.4598666374572513,4966.38,0.5933548387096774,0.08687455197132617,624,0.12609925858658225,34.921265692260974,0.03277365772571848,0.39970746359524956,0.05334718038875951,0.6845990209084744,0.14081146743728984,0.1745895116542358,6515.122271382265,1020949.34,204549.0,454907.0,16395553.1,3058853424.58,59203.67,15387.25,187662.87,25046.53,321419.61,66111.06,81969.87,139087,30,11230,766917.0,동대문구,회기동,1106071,8370.0,608.16,118.98,매칭,5.239231928099233,생활 밀착형,0.0,0.0,0.0,0.0,0.0,1.0,-0.5542362015484512
11620575,관악구,행운동,2030 자취/거주성 높음,야간 소비형,0.440631832762981,4.1042621428109225,5.233757585782774,362021.08,12067.369333333334,30,0.41181161648374537,7653.91,0.5693179113359119,0.07385078845581672,628,0.24483643328173044,40.26652276712726,0.015838304222505494,0.263682103815612,0.07706832983316883,0.6259392132634928,0.13910659567116918,0.23495419106533794,8915.999303604089,879093.9,196511.0,442393.0,14577330.06,3227779697.17,88635.95,5733.8,95458.48,27900.36,226603.19,50359.52,85058.37,128129,30,11620,718235.0,관악구,행운동,1121057,13444.0,803.67,189.18,매칭,5.233757585782774,생활 밀착형,0.0,0.0,0.0,0.0,0.0,1.0,0.440631832762981
11290575,성북구,동선동,2030 자취/거주성 높음,관찰 필요,0.040094627201698874,3.6261313180301817,5.122909558326405,614067.7,20468.923333333332,30,0.45459071007124624,4806.8,0.6025824244703523,0.0812022063432368,631,0.15456551451900175,39.23419494300059,0.014796511850403466,0.3978033692376264,0.054443996972972204,0.6238030106452432,0.14307665099467046,0.2331203383600864,6857.071766826362,1350814.45,201635.0,454898.0,24092451.85,4210706288.59,94913.69,9086.06,244278.19999999998,33432.3,383057.28,87858.75,143151.67,200410,30,11290,724957.0,성북구,동선동,1108083,7977.0,522.1,125.65,매칭,5.122909558326405,생활 밀착형,0.0,0.0,0.0,0.0,0.0,1.0,0.040094627201698874
11620665,관악구,서림동,2030 자취/거주성 높음,소규모 2030 집중형,0.4505763399606453,4.030856067364315,5.114685324862386,267079.28,8902.642666666668,30,0.4153875788234195,6329.860000000001,0.5754418181818183,0.07590454545454545,619,0.2508585465708908,41.849902882769484,0.015038792975628809,0.27096736968888036,0.09777287852505817,0.6189450188722989,0.13384580039305183,0.24720918073464923,8085.721416577128,642964.05,194825.0,441494.0,11177241.93,2159528654.22,66999.12,4016.55,72369.77,26113.11,165307.39,35747.44,66024.45,99347,30,11620,941252.0,관악구,서림동,1121066,11000.0,625.54,209.41,매칭,5.114685324862386,생활 밀착형,0.0,0.0,0.0,0.0,0.0,1.0,0.4505763399606453
11530540,구로구,구로3동,2030 자취/거주성 높음,광역 목적지형,-0.6343278873472249,2.928545994514562,5.089819831231124,1159163.33,38638.77766666667,30,0.44141478171984466,5585.9,0.5267232437529467,0.09355586987270155,638,0.09065108193165496,42.643306504528574,0.05435320318492131,0.2508580046264921,0.03967163971620807,0.6927150464637283,0.16694645611330716,0.14033849742296453,9080.874372984175,2626018.38,190706.0,442830.0,49430557.17,10526216577.5,105079.41,63004.24,290785.4,45985.91,802969.88,193518.21,162675.24,329052,30,11530,1040120.0,구로구,구로3동,1117054,10605.0,740.49,251.67,매칭,5.089819831231124,생활 밀착형,0.0,0.0,0.0,0.0,0.0,1.0,-0.6343278873472249
11620685,관악구,신사동,2030 자취/거주성 높음,소규모 2030 집중형,0.5246261378801513,4.008319325180715,4.97670455328652,272912.2,9097.073333333334,30,0.43528209939564527,5541.91,0.5398314825638029,0.08586791350087668,620,0.23138247392384803,43.49889565215479,0.011311000387670465,0.28089565068912276,0.07697611173117215,0.6158829836115791,0.13782758704081385,0.24628942934760703,9563.44066707168,626977.77,192803.0,442934.0,11871379.31,2609979632.02,63147.1,3086.91,76659.85,21007.72,168081.98,37614.83,67215.39,106559,30,11620,641031.0,관악구,신사동,1121068,10266.0,678.29,203.23,매칭,4.97670455328652,불명확,0.0,0.0,0.0,0.0,0.0,1.0,0.5246261378801513
11110650,종로구,혜화동,2030 자취/거주성 높음,광역 목적지형,-0.05612242335492379,3.3800674063553493,4.908842613871819,734962.52,24498.750666666667,30,0.4733298302563619,5754.97,0.561241466744685,0.0757284961966062,638,0.11247547698078535,44.34840969849728,0.016853539687983,0.4675007237103737,0.040085445445571834,0.6076857769563542,0.14317584521180754,0.24913837783183826,8653.926619088004,1552749.21,199773.0,454212.0,32594418.95,6360311715.86,82665.26,12386.720000000001,343595.51,29461.3,446626.27,105228.88,183107.37,224935,30,11110,1132421.0,종로구,혜화동,1101073,10254.0,574.86,201.66,매칭,4.908842613871819,불명확,0.0,0.0,0.0,0.0,0.0,1.0,-0.05612242335492379
11140550,중구,명동,2030 자취/거주성 높음,광역 목적지형,-1.4968439411938828,1.8607286796331663,4.796532315467213,1776368.37,59212.279,30,0.4059619369215788,596.22,0.5390777576853526,0.17808318264014467,649,0.02574852196901029,46.19313522791446,0.07309622947181839,0.40082216167809825,0.027476378674767776,0.667584708232561,0.15953186556682494,0.172883426200614,10704.720444031549,4375701.78,198613.0,451602.0,82056024.33,19015526806.47,45738.86,129845.83,712007.8099999999,48808.17,1185876.36,283387.36,307104.65,522146,30,11140,969729.0,중구,명동,1102055,1106.0,81.65,115.31,매칭,4.796532315467213,생활 밀착형,0.0,0.0,0.0,0.0,0.0,1.0,-1.4968439411938828
11620725,관악구,조원동,2030 자취/거주성 높음,관찰 필요,-0.6430879047651641,2.577307599347874,4.600565005875769,491759.56,16391.985333333334,30,0.38105593626571854,4192.04,0.5104773502191914,0.09114223088163663,631,0.15055109452269724,40.14438718791761,0.03009090458759968,0.33466149595546246,0.05006178222544367,0.6178455991785904,0.14888194547758257,0.23327245534382698,8955.194423205521,1290518.04,191805.0,442602.0,19741386.18,4403802469.27,74034.94,14797.49,164572.99,24618.36,303831.48,73214.12,114713.96,199879,30,11620,666607.0,관악구,조원동,1121072,8212.0,634.2,114.26,매칭,4.600565005875769,생활 밀착형,0.0,0.0,0.0,0.0,0.0,1.0,-0.6430879047651641
11500603,강서구,가양1동,2030 자취/거주성 높음,광역 목적지형,0.14747143098790438,3.342796069288134,4.564749483286043,1494473.47,49815.78233333333,30,0.4554061185484765,6618.32,0.5369398020444588,0.06227567742982314,643,0.09715150714585787,41.33921093293145,0.06898120446393739,0.3216710899525035,0.044356779381302766,0.6539954168607623,0.15121241998360802,0.19479216315562967,10697.123065677439,3281628.0,185397.0,452470.0,61780354.01,15986566626.98,145190.35,103090.58,480728.91,66290.03,977378.8,225982.95,291111.72000000003,329942,30,11500,4970691.0,강서구,가양1동,1116064,12326.0,545.46,222.15,매칭,4.564749483286043,생활 밀착형,0.0,0.0,0.0,0.0,0.0,1.0,0.14747143098790438
11620615,관악구,중앙동,2030 자취/거주성 높음,소규모 2030 집중형,0.642704420577001,3.773107199115963,4.472003969341374,280750.73,9358.357666666667,30,0.4372161226946565,3917.72,0.5540545891670202,0.07731862537123463,615,0.21377931946962347,40.132223235893285,0.013190669174751568,0.28632595185059717,0.0709778029784642,0.6157845787257615,0.14336315349919126,0.24085226777504729,8630.250707985693,642132.61,195636.0,442746.0,11267150.97,2422949186.35,60018.7,3703.29,80386.22,19927.07,172881.97,40249.31,67619.45,112910,30,11620,384728.0,관악구,중앙동,1121061,7071.0,405.72,141.0,매칭,4.472003969341374,불명확,0.0,0.0,0.0,0.0,0.0,1.0,0.642704420577001
11680521,강남구,논현1동,2030 자취/거주성 높음,광역 목적지형,0.6187112343400822,3.683668978774932,4.378511063478357,1304643.45,43488.115,30,0.49635615910359676,5462.22,0.5326916325336454,0.06452018724400234,650,0.08950630151096071,46.53751432239974,0.04133578411787527,0.329436498531457,0.061498764279236603,0.65821914025629,0.16195637206472008,0.17982448767899,11320.66534248112,2628442.15,202343.0,445822.0,60714863.24,14769431888.71,116773.81,53928.46,429797.17,80233.96,858741.29,211295.32,234606.84,388215,30,11680,1258744.0,강남구,논현1동,1123052,10254.0,438.01,223.57999999999998,매칭,4.378511063478357,생활 밀착형,0.0,0.0,0.0,0.0,0.0,1.0,0.6187112343400822
11710642,송파구,문정2동,2030 자취/거주성 높음,광역 목적지형,-0.643918287298129,2.2541788630966346,4.140138786278234,1144959.81,38165.327000000005,30,0.38181920862806973,4775.7300000000005,0.4995533472803348,0.06986820083682008,645,0.09135302312489028,43.48936185803762,0.06379142687986576,0.32542759732326326,0.04402732703779357,0.6579060622223936,0.15288237060478133,0.18921156717282506,10552.142422623549,2998696.2,210538.0,442424.0,49793571.49,12081778983.3,104595.54,73038.62,372601.52,50409.52,753276.0,175044.17,216639.64,341930,30,11710,2242033.0,송파구,문정2동,1124069,9560.0,481.90999999999997,186.03,매칭,4.140138786278234,생활 밀착형,0.0,0.0,0.0,0.0,0.0,1.0,-0.643918287298129
11215730,광진구,군자동,2030 자취/거주성 높음,관찰 필요,0.6648573265520956,3.51667938306345,4.0740315093019355,606792.37,20226.412333333334,30,0.4878422639806051,4738.3,0.45346923150540724,0.07994736338405588,633,0.1186132745868245,37.68633699200931,0.018209029226916616,0.41649635442845134,0.045597574010365356,0.6931201854103736,0.13759332537421326,0.16928648921541317,8224.151438044615,1243829.03,206513.0,450394.0,22867781.74,4990352342.33,71973.63,11049.1,252726.81,27668.26,420580.04,83490.58,102721.75,182569,30,11215,738025.0,광진구,군자동,1105054,10449.0,643.56,191.81,매칭,4.0740315093019355,생활 밀착형,0.0,0.0,0.0,0.0,0.0,1.0,0.6648573265520956
11140615,중구,신당동,2030 자취/거주성 높음,관찰 필요,-1.0971974870576944,1.7344107926401053,4.045154685282571,350723.66,11690.788666666665,30,0.3297374383047355,2184.95,0.4184124856376867,0.12266373037150516,620,0.15032236490688997,40.33134009265301,0.028329568641020687,0.3282314344005192,0.10290192569272344,0.6217634704199883,0.13673406008593775,0.24150246949407408,8267.451132353033,1063645.25,201211.0,451795.0,14145155.21,2899590720.01,52721.61,9935.85,115118.53,36090.14,218067.16,47955.87,84700.63,198972,30,11140,534942.0,중구,신당동,1102069,5222.0,558.53,82.02,매칭,4.045154685282571,생활 밀착형,0.0,0.0,0.0,0.0,0.0,1.0,-1.0971974870576944
11620655,관악구,신원동,2030 자취/거주성 높음,소규모 2030 집중형,0.654902057776781,3.4842383237992713,4.041908951460701,197788.07,6592.935666666667,30,0.40402215032863303,3497.31,0.4656250832112901,0.08892025029956065,603,0.23833414219573507,43.58852240178086,0.01296114573543288,0.2607288194884555,0.09380818570098792,0.6167683925526954,0.13895731931657962,0.24427428813072496,9047.929150731892,489547.59,193509.0,442220.0,8621289.72,1789572444.22,47139.65,2563.56,51569.05,18554.14,121989.43000000001,27484.100000000002,48314.54,86346,30,11620,544977.0,관악구,신원동,1121065,7511.0,442.4,225.48,매칭,4.041908951460701,생활 밀착형,0.0,0.0,0.0,0.0,0.0,1.0,0.654902057776781
11110615,종로구,종로1·2·3·4가동,2030 자취/거주성 높음,광역 목적지형,-0.7366683335092943,2.087410633062644,4.034398523674198,2437158.0,81238.6,30,0.3783969854288721,1793.9299999999998,0.5436151515151515,0.0974,652,0.05235901406474262,47.72444011426423,0.0481641854980268,0.4198904338577966,0.028290693504483502,0.6228391470721225,0.16001736448765322,0.2171434884402242,10367.60779903888,6440743.7,199104.0,452849.0,116312001.02,25267498288.29,127607.19,117383.73,1023339.33,68948.89,1517957.41,389987.6,529212.99,667802,30,11110,2417171.0,종로구,종로1·2·3·4가동,1101061,3300.0,204.06,117.36,매칭,4.034398523674198,생활 밀착형,0.0,0.0,0.0,0.0,0.0,1.0,-0.7366683335092943
11440600,마포구,대흥동,2030 자취/거주성 높음,관찰 필요,0.12535694145541587,2.898383264886679,3.9614661763303767,771617.7,25720.59,30,0.4449127837860479,3682.0,0.4832020997375328,0.07869553805774279,635,0.10155446149045053,37.63511824573231,0.026011689467465564,0.4292520376346992,0.044157618468316624,0.6566086029389944,0.14240812516353632,0.20098327189746945,7409.504112476943,1734312.27,194833.0,450283.0,29039923.38,5717304521.41,78361.22,20071.08,331218.47000000003,34072.799999999996,506650.82,109884.63,155082.25,235391,30,11440,858570.0,마포구,대흥동,1114060,7620.0,413.42,186.24,매칭,3.9614661763303767,생활 밀착형,0.0,0.0,0.0,0.0,0.0,1.0,0.12535694145541587
11140605,중구,을지로동,2030 자취/거주성 높음,관찰 필요,-1.3182109833768387,1.4042828891114327,3.889276960697531,518470.45,17282.348333333335,30,0.3708133678707442,787.14,0.6670677966101695,0.09511016949152543,628,0.07533054198170792,45.50834551901656,0.03579365034207832,0.3914266087874439,0.02936985126153284,0.6040444156460604,0.16985091435779995,0.2261046699961396,9765.374026137844,1398197.84,199696.0,451898.0,23594732.38,5063057865.75,39056.66,18557.95,202943.13,15227.4,313179.18,88062.68000000001,117228.59,245588,30,11140,611524.0,중구,을지로동,1102060,1180.0,84.08,28.150000000000002,매칭,3.889276960697531,불명확,0.0,0.0,0.0,0.0,0.0,1.0,-1.3182109833768387
11110710,종로구,숭인2동,2030 자취/거주성 높음,관찰 필요,-1.1135766762064119,1.325462079801818,3.484341080011757,214320.97,7144.032333333334,30,0.2858979792512268,2245.24,0.5198518175503588,0.07180597360500116,618,0.17715965917847423,42.12703516599425,0.022995509958731522,0.359723222603929,0.08491203637236244,0.5898462012373311,0.1381038915604012,0.2720499072022677,8433.078756549114,749641.43,201797.0,452772.0,9028707.04,1807385619.19,37969.03,4928.42,77096.23,18198.43,126416.41,29598.56,58306.0,152801,30,11110,351906.0,종로구,숭인2동,1101071,4319.0,272.76,37.37,매칭,3.484341080011757,목적 방문형,0.0,0.0,0.0,0.0,0.0,1.0,-0.6135766762064119
11110630,종로구,종로5·6가동,2030 자취/거주성 높음,관찰 필요,-2.1596775200433322,0.2609025533060054,3.457971533356197,419257.53,13975.251,30,0.29589450623296143,1278.68,0.5878988505747127,0.07754022988505746,624,0.06677504396879884,46.657214123262136,0.03640275703575318,0.4573337299392094,0.03645709118211902,0.6532461563659929,0.15562558888328135,0.19112825475072565,10089.491773206792,1416915.56,200389.0,452590.0,19561388.35,4230095399.79,27995.94,15262.130000000001,191740.61,15284.91,273878.37,65247.2,80131.96,244645,30,11110,603167.0,종로구,종로5·6가동,1101063,2175.0,131.10999999999999,37.54,매칭,3.457971533356197,생활 밀착형,0.0,0.0,0.0,0.0,0.0,1.0,-2.1596775200433322
11410615,서대문구,연희동,2030 자취/거주성 높음,관찰 필요,0.4966391349097501,2.8941096532014754,3.4249578832738936,722698.08,24089.935999999998,30,0.38098725272414513,6265.59,0.42504511227189473,0.049195441286208536,639,0.15617911977848345,38.680213430205875,0.02275381719569533,0.41063755143780095,0.07195643857252257,0.5869496982751082,0.13739621392103324,0.2756540878038586,7100.381629255193,1896908.82,194063.0,452523.0,27954115.98,5131432170.73,112870.35,16444.14,296766.97,52002.78,424187.42,99295.98,199214.68,222206,30,11410,2929172.0,서대문구,연희동,1113076,14741.0,514.4,210.79000000000002,매칭,3.4249578832738936,목적 방문형,0.0,0.0,0.0,0.0,0.0,1.0,0.9966391349097501
11590620,동작구,사당1동,2030 자취/거주성 높음,광역 목적지형,0.8392478607140905,3.2263850706742305,3.410196014228772,527716.12,17590.537333333334,30,0.4107567756529813,4490.91,0.4612211153332649,0.05372085858067167,643,0.1648782682628683,43.33468287836271,0.014859106445336558,0.3379973687368125,0.04734604279285613,0.5754830077959339,0.1541966919638536,0.2703203002402125,9911.812873065162,1284741.12,198011.0,442261.0,22868410.71,5230623431.54,87008.92,7841.39,178366.66,24985.27,303691.66,81372.08,142652.38,205280,30,11590,635172.0,동작구,사당1동,1120063,9737.0,414.43,108.65,매칭,3.410196014228772,불명확,0.0,0.0,0.0,0.0,0.0,1.0,0.8392478607140905
11560630,영등포구,신길1동,2030 자취/거주성 높음,관찰 필요,0.21277334910956736,2.588700768260424,3.3941820273583665,251509.88,8383.662666666667,30,0.34051819715979176,3298.0,0.445735910258143,0.07098256521151508,627,0.21152262487660523,39.81322809266975,0.021412240346184414,0.3023443055199263,0.06872346326911691,0.6095216219736576,0.14151571302089602,0.2489626650054463,8773.322032080807,738609.22,192881.0,445887.0,10013420.219999999,2206577171.49,53200.03,5385.39,76042.58,17284.63,153300.71,35592.6,62616.57,129723,30,11560,722925.0,영등포구,신길1동,1119063,7399.0,366.8,158.4,매칭,3.3941820273583665,불명확,0.0,0.0,0.0,0.0,0.0,1.0,0.21277334910956736
11140590,중구,광희동,2030 자취/거주성 높음,광역 목적지형,-0.77369111668803,1.5866594158711156,3.371929332227351,572785.39,19092.846333333335,30,0.36762100424348665,1443.6,0.4836180904522613,0.09669681742043551,636,0.08459307944289571,43.46943531503134,0.04983840457243506,0.39243888535634613,0.04566998470404421,0.6177714833124497,0.14839734302580587,0.23383117366174438,9561.79873702784,1558086.68,200333.0,451736.0,24898657.46,5476858618.69,48453.68,28546.71,224783.26,26159.1,353850.48,84999.83,133935.08,273033,30,11140,737204.0,중구,광희동,1102059,2985.0,203.12,85.52000000000001,매칭,3.371929332227351,생활 밀착형,0.0,0.0,0.0,0.0,0.0,1.0,-0.77369111668803
11170555,용산구,청파동,2030 자취/거주성 높음,광역 목적지형,0.6316099301410638,2.9690396996507253,3.3391853850138022,525846.55,17528.218333333334,30,0.4405614229554559,3644.5,0.4393610608800482,0.06604822182037372,635,0.1243420537797576,44.32478499668772,0.027706143550813443,0.38375803739703146,0.05141269824818666,0.6578833501902789,0.13161554449677382,0.21050110531294727,10961.572986187699,1193582.83,197070.0,449786.0,23308035.27,5764105337.36,65384.84,14569.18,201797.84,27035.19,345945.69,69209.58,110691.28,199337,30,11170,886225.0,용산구,청파동,1103071,8295.0,403.44,144.43,매칭,3.3391853850138022,생활 밀착형,0.0,0.0,0.0,0.0,0.0,1.0,0.6316099301410638
11140580,중구,장충동,2030 자취/거주성 높음,관찰 필요,-1.0039308000355929,1.2405771004028825,3.206439857769251,310013.84,10333.794666666667,30,0.39926654661214667,1614.8500000000001,0.5341878928217003,0.07151835924578234,620,0.06143148318797638,45.11674646525458,0.0382951290174658,0.44841707712146006,0.03799043294325182,0.6300367106191129,0.13858345808045214,0.23137983130043482,10149.576225693665,776458.34,200191.0,450671.0,13986815.82,3146509100.1,19044.61,11872.02,139015.5,11777.56,195320.1,42962.79,71730.95,151624,30,11140,1017925.0,중구,장충동,1102058,3023.0,159.52,56.68,매칭,3.206439857769251,생활 밀착형,0.0,0.0,0.0,0.0,0.0,1.0,-1.0039308000355929
11230730,동대문구,휘경2동,2030 자취/거주성 높음,관찰 필요,0.47215547406964564,2.600958270393418,3.041146851891104,374042.4,12468.08,30,0.3622883388709706,3753.54,0.412340986487971,0.060076897726024384,620,0.1817765846866558,37.057975459466626,0.024134750498873925,0.33579960453681185,0.08723524391887122,0.6440828633331408,0.13626757287409128,0.21964956379276787,7245.483736763532,1032443.94,205814.0,454122.0,13861254.08,2710118126.06,67992.15,9027.42,125603.29,32629.68,240914.3,50969.85,82158.25,143256,30,11230,1113609.0,동대문구,휘경2동,1106073,9103.0,391.12,155.76,매칭,3.041146851891104,생활 밀착형,0.0,0.0,0.0,0.0,0.0,1.0,0.47215547406964564
11140570,중구,필동,2030 자취/거주성 높음,광역 목적지형,-0.2565337757909876,1.8087012104598061,2.950335694643991,624501.07,20816.70233333333,30,0.4159969421579325,1170.98,0.48831526271893244,0.08789824854045038,633,0.05735344856975186,43.840440097244354,0.03399616272875241,0.44515792422901695,0.02677859302947231,0.702923455359332,0.14902962456093152,0.1480469200797366,9305.188560541617,1501215.53,199450.0,450816.0,27378401.75,5811100212.61,35817.29,21230.64,278001.6,16723.26,438976.45,93069.16,92455.45999999999,245617,30,11140,1464686.0,중구,필동,1102057,2398.0,159.34,51.440000000000005,매칭,2.950335694643991,생활 밀착형,0.0,0.0,0.0,0.0,0.0,1.0,-0.2565337757909876
11140520,중구,소공동,2030 자취/거주성 높음,광역 목적지형,-0.8024332652337118,1.2546348179654998,2.9386686902845884,1058655.13,35288.50433333333,30,0.38120993932448366,409.75,0.4831957547169811,0.13549528301886793,640,0.02574672263667206,45.912087631408355,0.07342851113374382,0.3631799526631492,0.032603063095722216,0.7050320060320305,0.16686814713683013,0.12809984683113945,10499.573966717568,2777092.15,197736.0,451636.0,48605067.1,11115427842.68,27256.899999999998,77735.47,384482.32,34515.4,746385.75,176655.82,135613.56,376213,30,11140,943795.0,중구,소공동,1102052,848.0,50.27,64.63,매칭,2.9386686902845884,생활 밀착형,0.0,0.0,0.0,0.0,0.0,1.0,-0.8024332652337118
11260590,중랑구,상봉2동,2030 자취/거주성 높음,광역 목적지형,0.9071038023313742,2.8750606079230936,2.8113668651310277,583501.49,19450.049666666666,30,0.3651685685777874,3040.45,0.40100896860986546,0.06331442891057769,640,0.1757093713676721,40.20013918045008,0.017988077459750788,0.3426737093679058,0.06978635135961693,0.5793049817233543,0.14568919095647898,0.27500582732016676,8482.014173931244,1597896.26,207420.0,454976.0,23456841.11,4949267908.69,102526.68,10496.07,199950.62,40720.44,338025.32,85009.86,160466.31,227737,30,11260,677445.0,중랑구,상봉2동,1107060,7582.0,373.11,106.94,매칭,2.8113668651310277,불명확,0.0,0.0,0.0,0.0,0.0,1.0,0.9071038023313742
11215780,광진구,능동,2030 자취/거주성 높음,관찰 필요,0.7923470605881455,2.735480622691301,2.775905088718794,430651.97,14355.065666666665,30,0.44234821414062797,2207.02,0.45253639532499484,0.062325199917982375,633,0.11435101527574575,37.34448998340818,0.01565001548698361,0.4578656635426514,0.0387070329667829,0.5802364726208034,0.1317526772256493,0.28801085015354744,7950.808727938711,973558.74,207227.0,450122.0,16082478.18,3424031441.7799997,49245.49,6739.71,197180.75,16669.26,249879.98,56739.55,124032.44,163057,30,11215,1092105.0,광진구,능동,1105059,4877.0,203.81,100.15,매칭,2.775905088718794,불명확,0.0,0.0,0.0,0.0,0.0,1.0,0.7923470605881455
11530595,구로구,가리봉동,2030 자취/거주성 높음,소규모 2030 집중형,0.2762780550165822,2.1365763152368764,2.657568943171849,185656.86000000002,6188.562000000001,30,0.4295911935416492,1920.1,0.4453954998840176,0.06571097193226628,605,0.1232169390347332,43.40742954502193,0.05295371256413579,0.2408925799994678,0.061571331110522924,0.6907519603638669,0.15421891763116105,0.15502912200497196,9634.598920126085,432171.01,190099.0,442589.0,8058887.07,1788729382.8700001,22876.07,9831.22,44723.36,11431.14,128242.84,28631.8,28782.22,88206,30,11530,410996.0,구로구,가리봉동,1117070,4311.0,217.29999999999998,65.98,매칭,2.657568943171849,생활 밀착형,0.0,0.0,0.0,0.0,0.0,1.0,0.2762780550165822
11680630,강남구,대치4동,2030 자취/거주성 높음,광역 목적지형,-0.6274586808863996,1.2290042264426182,2.6520898676128826,835538.94,27851.298,30,0.3198946818722337,2708.36,0.4111050394656952,0.05938676381299332,644,0.08298254776731291,44.184852497718424,0.06783231431439929,0.32638661939562025,0.05250496164786767,0.6686919463023472,0.16043715449096843,0.17087089920668452,10089.812746740447,2611918.82,204842.0,444679.0,36918164.82,8430431447.21,69335.15,56676.54,272708.73,43869.94,558718.16,134051.49,142769.29,332859,30,11680,701081.0,강남구,대치4동,1123063,6588.0,218.82999999999998,172.41,매칭,2.6520898676128826,생활 밀착형,0.0,0.0,0.0,0.0,0.0,1.0,-0.6274586808863996
11110640,종로구,이화동,2030 자취/거주성 높음,광역 목적지형,0.5008766995215546,2.2942245818111875,2.5619255461280472,1439837.97,47994.599,30,0.42639963618332005,1698.7,0.4273459119496855,0.07218616352201258,650,0.04659145778743424,46.611481214098,0.06003106030048645,0.44467338918697913,0.03858798084064973,0.6785467603691546,0.14870786467730115,0.17274537495354425,10623.406044563473,3376733.58,200267.0,453352.0,67112980.49,15295983393.69,67084.15000000001,86435.0,640257.63,55560.44,976997.39,214115.23,248725.35,463072,30,11110,782395.0,종로구,이화동,1101064,3975.0,201.35999999999999,85.58,매칭,2.5619255461280472,생활 밀착형,0.0,0.0,0.0,0.0,0.0,1.0,0.5008766995215546
11200790,성동구,용답동,2030 자취/거주성 높음,관찰 필요,0.4790869233192816,2.1963719993498847,2.453264394329433,285972.38,9532.412666666667,30,0.3555516780931001,2196.9700000000003,0.3905724444444445,0.06626666666666667,616,0.17010293091941256,39.34421275229447,0.03721628641199545,0.2945675383056224,0.09044957418615043,0.6310451379954946,0.14471135289359063,0.2242435091109148,7603.842935985636,804306.09,205078.0,451045.0,11251358.16,2174489061.55,48644.74,10642.83,84238.18000000001,25866.08,180461.48,41383.45,64127.45,150772,30,11200,2377148.0,성동구,용답동,1104070,5625.0,323.99,48.76,매칭,2.453264394329433,생활 밀착형,0.0,0.0,0.0,0.0,0.0,1.0,0.4790869233192816
11350595,노원구,공릉1동,2030 자취/거주성 높음,관찰 필요,0.5387631692067412,2.2426887933625825,2.4341794630797735,557972.56,18599.085333333336,30,0.32773115354223087,4111.91,0.33069889013993886,0.05367379765160045,633,0.16648854560159732,38.28690756764095,0.016794678935465927,0.365001174968174,0.06120023178200734,0.6177929251574664,0.14001002128133325,0.2421970535612002,8196.855893917076,1702531.34,206405.0,458293.0,21363043.83,4573620667.08,92896.04000000001,9370.97,203660.64,34148.05,344711.5,78121.75,135139.31,214794,30,11350,1263261.0,노원구,공릉1동,1111079,12434.0,448.4,218.98,매칭,2.4341794630797735,생활 밀착형,0.0,0.0,0.0,0.0,0.0,1.0,0.5387631692067412
11230545,동대문구,제기동,2030 자취/거주성 높음,관찰 필요,-0.008634110826741148,1.5901830557706804,2.2840245237106025,474308.23,15810.274333333333,30,0.29732273949985794,3021.4900000000002,0.33479113573407204,0.06029141274238227,629,0.15329238541781154,36.451545717433575,0.02876848668638957,0.3675309829643901,0.08759904925115888,0.6522823565595731,0.13738599897370535,0.21033164446672156,6340.669279510499,1595263.89,203288.0,453800.0,17289268.13,3007431622.98,72707.84,13645.130000000001,174322.97,41548.95,309382.89,65163.31,99762.03,224285,30,11230,1181705.0,동대문구,제기동,1106082,9025.0,312.13,232.0,매칭,2.2840245237106025,생활 밀착형,0.0,0.0,0.0,0.0,0.0,1.0,-0.008634110826741148
11620525,관악구,보라매동,2030 자취/거주성 높음,관찰 필요,0.8504419949857607,2.444001902737323,2.276514153930804,262869.69,8762.323,30,0.34928126329762055,3016.2799999999997,0.3523279990655297,0.05536035509870343,615,0.19632388960476957,42.909955232952115,0.023618166095908586,0.287080910697616,0.0714061404340683,0.6260463882313705,0.1388884355590787,0.23506517620955084,8723.6238026149,752601.75,194043.0,443440.0,11279726.63,2293176284.67,51607.6,6208.5,75464.87,18770.51,164568.62,36509.56,61791.51,126423,30,11620,750225.0,관악구,보라매동,1121052,8561.0,351.85,122.09,매칭,2.276514153930804,생활 밀착형,0.0,0.0,0.0,0.0,0.0,1.0,0.8504419949857607
11530560,구로구,구로5동,2030 자취/거주성 높음,광역 목적지형,0.5047175627005058,2.0951059110299863,2.271983354756401,699078.8,23302.626666666667,30,0.3414904329318487,3495.91,0.3053463184557603,0.06122194078085422,645,0.13224819576848848,42.5294398571377,0.027543404262867072,0.36820178211669413,0.05146622955809845,0.5652538740983133,0.1389042265335467,0.29584189936813987,10086.077856087182,2047140.22,190145.0,444731.0,29731429.78,7050963204.34,92451.91,19255.01,257402.06,35978.95,395157.0,97105.0,206816.8,272396,30,11530,1012473.0,구로구,구로5동,1117056,11449.0,432.21,268.71999999999997,매칭,2.271983354756401,불명확,0.0,0.0,0.0,0.0,0.0,1.0,0.5047175627005058
11290555,성북구,삼선동,2030 자취/거주성 높음,관찰 필요,0.5274912234748081,2.073439998137296,2.20849824951784,490627.84,16354.261333333334,30,0.34901570280937716,2947.8,0.35201815142106524,0.053747313112013376,627,0.14333495628784537,39.281643088170455,0.022585510027315205,0.37825845757142523,0.06663111494039964,0.6356662720158726,0.14089752835876576,0.22343619962536165,6921.936195304367,1405747.18,201034.0,454111.0,19272667.7,3396094604.12,70324.12,11081.08,185584.13,32691.08,311875.57,69128.25,109624.02,199582,30,11290,926227.0,성북구,삼선동,1108082,8374.0,262.26,187.82,매칭,2.20849824951784,생활 밀착형,0.0,0.0,0.0,0.0,0.0,1.0,0.5274912234748081
11170530,용산구,남영동,2030 자취/거주성 높음,광역 목적지형,0.7765979512834909,2.31749035282182,2.2012748593404705,581103.01,19370.100333333332,30,0.42928663664512556,1071.91,0.4964844835572024,0.059698934691987025,651,0.078919656602708,51.88034255750972,0.04355558233986776,0.39881732844577766,0.03940162003290948,0.5788025775326822,0.16228919550769494,0.2589082269596229,19268.668802575987,1353648.03,197775.0,449391.0,30147823.22,11197081439.87,45860.45,25310.28,231753.95,22896.399999999998,336343.92,94306.74,150452.35,250131,30,11170,1177788.0,용산구,남영동,1103053,2159.0,96.5,32.39,매칭,2.2012748593404705,불명확,0.0,0.0,0.0,0.0,0.0,1.0,0.7765979512834909
11560710,영등포구,대림2동,2030 자취/거주성 높음,관찰 필요,0.2928163567398543,1.8037640922552263,2.15849676502196,125021.19,4167.3730000000005,30,0.32361556265939573,2217.17,0.34535358255451715,0.0662165109034268,567,0.21703312854404921,40.74584604417859,0.02986517725515171,0.27087104194097017,0.08471195962860377,0.6190297020849026,0.1392845484833411,0.24168574943175633,9061.319201648936,386326.26,191201.0,443357.0,5094094.16,1132856909.56,27133.74,3733.78,33864.62,10590.79,77391.83,17413.52,30215.84,72167,30,11560,572540.0,영등포구,대림2동,1119071,6420.0,338.14,86.97,매칭,2.15849676502196,생활 밀착형,0.0,0.0,0.0,0.0,0.0,1.0,0.2928163567398543
11305595,강북구,번1동,2030 자취/거주성 높음,관찰 필요,-0.13838181299717123,1.34425099869098,2.1180468738402163,321043.76,10701.458666666667,30,0.2973261317732427,2096.36,0.35085523012552305,0.06561673640167363,613,0.15566927698579158,38.329337315261945,0.019356395526890165,0.3609278685248391,0.07727111718352662,0.6083829195122809,0.14298461991598901,0.24863246057173014,6976.45942833463,1079769.74,202702.0,459772.0,12305394.57,2239748766.36,49976.65,6214.25,115873.64,24807.41,195317.54,45904.32,79821.9,154930,30,11305,627036.0,강북구,번1동,1109060,5975.0,264.49,127.57,매칭,2.1180468738402163,불명확,0.0,0.0,0.0,0.0,0.0,1.0,-0.13838181299717123
11590660,동작구,대방동,2030 자취/거주성 높음,야간 소비형,0.5788849891253476,1.9804514913763367,2.002237860358556,411130.56,13704.352,30,0.2756981704826298,3355.13,0.3028095667870036,0.05295126353790613,638,0.2013802379467972,39.9023966255391,0.0243392026124256,0.3124200254050684,0.06294922469397556,0.6110993792336916,0.14087031136775627,0.2480303093985521,8841.899604471144,1491234.27,193638.0,445273.0,16405094.67,3635175135.85,82793.56999999999,10006.59,128445.42,25880.35,251241.63,57916.09,101972.84,198417,30,11590,1544903.0,동작구,대방동,1120068,11080.0,355.15999999999997,231.54,매칭,2.002237860358556,불명확,0.0,0.0,0.0,0.0,0.0,1.0,0.5788849891253476
11110540,종로구,삼청동,2030 자취/거주성 높음,소규모 2030 집중형,-1.1894459662948729,0.12495015822670408,1.8777087493165385,183535.6,6117.8533333333335,30,0.3748852328157653,426.95,0.4661026200873362,0.09585152838427949,605,0.027552965201301544,51.12143763934626,0.034750587896843994,0.5916036997726871,0.026583344048783993,0.5214964290306622,0.1393381992376411,0.3391653717316967,10226.72429975438,489578.1,198340.0,454312.0,9382603.73,1876967980.39,5056.95,6377.97,108580.34,4878.99,95713.16,25573.52,62248.92,96850,30,11110,1479255.0,종로구,삼청동,1101054,916.0,79.87,7.93,매칭,1.8777087493165385,불명확,0.0,0.0,0.0,0.0,0.0,1.0,-1.1894459662948729
11680650,강남구,역삼2동,2030 자취/거주성 높음,광역 목적지형,0.3836232168381031,1.6349095393242632,1.787551889265943,1000444.91,33348.16366666667,30,0.34435510479722786,2952.9900000000002,0.3275640599001664,0.043408763172490296,647,0.08346291651381384,45.8204798503098,0.07489388895986288,0.30940790133061896,0.05975668365387555,0.6949805761918465,0.15684509804742772,0.14817432576072578,10497.451422227736,2905271.03,203970.0,444337.0,45840865.84,10502121843.34,83500.05,74927.21,309545.56,59783.27,695289.78,156914.88,148240.25,356500,30,11680,1135029.0,강남구,역삼2동,1123065,9015.0,193.93,197.4,매칭,1.787551889265943,생활 밀착형,0.0,0.0,0.0,0.0,0.0,1.0,0.3836232168381031
11380570,은평구,대조동,2030 자취/거주성 높음,관찰 필요,0.3480009842128786,1.5591886664246444,1.7302681174453798,514841.51,17161.38366666667,30,0.28162095940831194,2940.9300000000003,0.2993617671009772,0.048872149837133554,628,0.16163294603032302,39.68216286600511,0.02176854387673597,0.3536727254179641,0.0705709413368786,0.5964919961484847,0.14406621952452903,0.25944178432698634,8367.069762187592,1828136.34,193215.0,456966.0,20430024.65,4307714830.64,83215.35,11207.35,182085.4,36332.85,307098.84,74171.27,133571.4,201612,30,11380,851692.0,은평구,대조동,1112058,9824.0,293.74,186.38,매칭,1.7302681174453798,목적 방문형,0.0,0.0,0.0,0.0,0.0,1.0,0.8480009842128786
11590680,동작구,신대방2동,2030 자취/거주성 높음,관찰 필요,0.5321512583317185,1.731600463078458,1.7134988639239137,457215.04,15240.501333333332,30,0.3160419380215419,2165.27,0.3192201090962701,0.056500073713696,631,0.14821445943685493,40.22052461353852,0.050981590631839234,0.3218330263151448,0.05477455422288821,0.637662619322409,0.1394903807188845,0.22284699995870652,8147.4470964253505,1446691.04,193075.0,443903.0,18389428.77,3725135350.09,67765.88,23309.55,147146.9,25043.75,291548.94,63777.1,101889.0,213550,30,11590,977033.0,동작구,신대방2동,1120070,6783.0,246.55,136.69,매칭,1.7134988639239137,생활 밀착형,0.0,0.0,0.0,0.0,0.0,1.0,0.5321512583317185
11290725,성북구,월곡2동,2030 자취/거주성 높음,관찰 필요,0.2820356546958762,1.3921317306918668,1.5858515371371296,353860.04,11795.334666666666,30,0.32025661796252425,2072.13,0.3045011021307862,0.05730639235855989,616,0.13514085964609057,40.79062741868226,0.02254476091733896,0.3703822279565673,0.059385710802496945,0.672105954659362,0.13272165458411184,0.19517239075652626,8112.9686817420825,1104926.55,204009.0,455962.0,14434173.05,2870855422.2400002,47820.95,7977.6900000000005,131063.47,21014.23,237831.44,46964.89,69063.71,171203,30,11290,1364901.0,성북구,월곡2동,1108072,6805.0,234.56,155.41,매칭,1.5858515371371296,생활 밀착형,0.0,0.0,0.0,0.0,0.0,1.0,0.2820356546958762
11650560,서초구,반포1동,2030 자취/거주성 높음,광역 목적지형,0.42170224858018357,1.528567611888891,1.5812362332981535,525577.66,17519.255333333334,30,0.30833254188741577,2926.25,0.31461670788087304,0.03904311364369423,640,0.13226852145884588,42.831903604883045,0.031940988511574106,0.3488051413753012,0.06349584950014808,0.629258328826229,0.15339590347123963,0.21734576770253133,9896.626116909154,1704580.57,201482.0,445118.0,22511491.669999998,5201445596.42,69517.38,16787.47,183324.19,33372.0,330724.12,80621.46,114232.08,228025,30,11650,992368.0,서초구,반포1동,1122057,9301.0,225.55,137.59,매칭,1.5812362332981535,생활 밀착형,0.0,0.0,0.0,0.0,0.0,1.0,0.42170224858018357
11305535,강북구,미아동,2030 자취/거주성 높음,관찰 필요,0.19630796099972203,1.302260924642186,1.57993280520352,259618.89,8653.963,30,0.28024512150980424,2083.0,0.30777186761229314,0.0559589243498818,603,0.17834122162682384,38.65876300449478,0.021722610400190835,0.32129784546879464,0.09181446696733045,0.6247421749626924,0.13974129540419802,0.2355165296331095,7167.56613677071,926399.32,202329.0,458782.0,10036545.14,1860835564.43,46300.75,5639.6,83414.99,23836.77,162194.87,36279.479999999996,61144.54,127036,30,11305,841204.0,강북구,미아동,1109070,6768.0,217.18,161.55,매칭,1.57993280520352,생활 밀착형,0.0,0.0,0.0,0.0,0.0,1.0,0.19630796099972203
11410700,서대문구,남가좌2동,2030 자취/거주성 높음,관찰 필요,0.9037944567668003,1.7393427891460735,1.1936404748275333,456421.97,15214.065666666665,30,0.32610380610555256,2320.17,0.25015309973045824,0.051187061994609165,619,0.144360250668915,38.782336244681645,0.016588289998397756,0.41774954435256484,0.05915613571362483,0.6930583556264831,0.11608860546305429,0.19085303891046262,6670.600230067804,1399621.72,193052.0,453156.0,17701110.31,3044608498.09,65889.19,7571.26,190670.07,27000.16,316327.06,52985.39,87109.52,157939,30,11410,783775.0,서대문구,남가좌2동,1113070,9275.0,245.22,229.54,매칭,1.1936404748275333,생활 밀착형,0.0,0.0,0.0,0.0,0.0,1.0,0.9037944567668003
11170700,용산구,보광동,2030 자취/거주성 높음,관찰 필요,-0.3944643702899566,0.4307253249720142,1.1788424218028155,88618.63,2953.9543333333336,30,0.29610425757525893,1585.63,0.33537013536379023,0.044661590524534694,570,0.15475369005366027,42.72261611356438,0.0397003429188648,0.3102645572381338,0.08039618757365127,0.6136588886558052,0.14461056326418043,0.24173054808001435,8887.412776410558,299281.85,200080.0,447488.0,3786019.71,787590344.49,13714.06,3518.19,27495.22,7124.6,54381.61,12815.189999999999,21421.83,62161,30,11170,715096.0,용산구,보광동,1103070,4728.0,138.43,72.73,매칭,1.1788424218028155,불명확,0.0,0.0,0.0,0.0,0.0,1.0,-0.3944643702899566
11290525,성북구,성북동,2030 자취/거주성 높음,관찰 필요,0.8994724814911532,1.7068902040633258,1.153453889388818,344344.69,11478.156333333334,30,0.325292865867445,1708.5900000000001,0.3241491178144565,0.043335230506545246,620,0.15279625772652397,38.61515279936508,0.026019103125998547,0.3990236352998503,0.06303552989302666,0.5920727570969658,0.13366673376029117,0.27426050914274297,7094.627869330582,1058568.22,199482.0,455235.0,13296922.82,2442997434.33,52614.58,8959.54,137401.67,21705.95,203877.11,46027.43,94440.15,171687,30,11290,2879912.0,성북구,성북동,1108081,5271.0,152.76,75.66,매칭,1.153453889388818,불명확,0.0,0.0,0.0,0.0,0.0,1.0,0.8994724814911532
11740690,강동구,둔촌1동,2030 자취/거주성 높음,관찰 필요,0.4255442551502545,1.1388642619003482,1.0190285810715625,348773.9,11625.796666666667,30,0.24390970528292638,1879.02,0.30419621175327827,0.03908693540553667,618,0.1813831252854643,39.43035920979179,0.017138352382446046,0.3600072998581602,0.05409068740522155,0.5871347311252361,0.13956683685333104,0.2732984320214328,8472.631718285113,1429930.3900000001,212413.0,447073.0,13752280.16,2955032807.65,63261.7,5977.41,125561.15,18865.420000000002,204777.27,48677.270000000004,95319.36,175396,30,11740,912178.0,강동구,둔촌1동,1125070,6177.0,155.47,85.97000000000001,매칭,1.0190285810715625,목적 방문형,0.0,0.0,0.0,0.0,0.0,1.0,0.9255442551502545
11110600,종로구,가회동,2030 자취/거주성 높음,소규모 2030 집중형,0.11405224628244498,0.515619483593684,0.5736674818731987,249330.58,8311.019333333334,30,0.38915032136627725,379.88,0.3556928838951311,0.07855805243445693,619,0.027085125298308775,53.19561563607641,0.06957128965087235,0.5224264107515413,0.03241255043805698,0.5543600788960584,0.14463075487972638,0.30100916622421525,11152.543565374132,640705.06,198812.0,453662.0,13263293.7,2780670155.63,6753.15,17346.25,130256.88,8081.44,138218.92,36060.87,75050.79,127663,30,11110,539955.0,종로구,가회동,1101060,1068.0,25.34,58.56,매칭,0.5736674818731987,불명확,0.0,0.0,0.0,0.0,0.0,1.0,0.11405224628244498
11140540,중구,회현동,2030 자취/거주성 높음,광역 목적지형,0.6074856207632913,0.7534879898823532,0.20857481302723135,937452.87,31248.429,30,0.34354169859322,378.33,0.3176574307304786,0.07435768261964736,647,0.024260035600509707,51.02510651015448,0.06468093697339686,0.3918497684048906,0.028563345269826738,0.679836587411589,0.16219419115971132,0.15796922142869968,14459.716330315357,2728789.18,197977.0,450824.0,47833632.54,13555302573.24,22742.64,60635.33,367340.69,26776.79,637314.76,152049.41,148088.7,390860,30,11140,897827.0,중구,회현동,1102054,1191.0,35.82,52.74,매칭,0.20857481302723135,생활 밀착형,0.0,0.0,0.0,0.0,0.0,1.0,0.6074856207632913
