station_name,subway_board_count,subway_alight_count,subway_total_count,subway_weekend_total,subway_weekday_total,subway_weekend_share
서울역,3778183,3743617,7521800,1733790,5788010,0.2305020074982052
잠실(송파구청),3420895,3469451,6890346,1762283,5128063,0.2557611765795216
홍대입구,2930297,3050531,5980828,1754305,4226523,0.2933214263978165
고속터미널,2671888,2679066,5350954,1549276,3801678,0.2895326702490808
강남,2444139,2397022,4841161,832482,4008679,0.17195916434095043
사당,2187958,2224609,4412567,1004114,3408453,0.22755779119047936
선릉,2051105,2028841,4079946,462273,3617673,0.11330370549021972
여의도,1827048,1857916,3684964,509305,3175659,0.13821166231203344
가산디지털단지,1770452,1859986,3630438,348228,3282210,0.09591900481429513
신림,1814126,1792999,3607125,771445,2835680,0.2138669993415809
성수,1714861,1839125,3553986,810982,2743004,0.22818941886659092
구로디지털단지,1751892,1727194,3479086,568733,2910353,0.16347195786479551
건대입구,1701894,1747232,3449126,821766,2627360,0.23825340100651585
종로3가,1725926,1705322,3431248,848381,2582867,0.247251437377887
신도림,1694370,1643766,3338136,752241,2585895,0.2253476191503282
삼성(무역센터),1656945,1655126,3312071,555449,2756622,0.16770443628774867
을지로입구,1612293,1646555,3258848,587560,2671288,0.18029684109231237
수원,1601948,1652814,3254762,901473,2353289,0.2769704820198835
시청,1636856,1582627,3219483,463210,2756273,0.14387713803738053
합정,1496685,1592837,3089522,803539,2285983,0.26008521706594095
역삼,1447131,1627613,3074744,298767,2775977,0.09716808944094207
용산,1466583,1486330,2952913,895879,2057034,0.30338821360466767
서울대입구(관악구청),1490188,1425634,2915822,575794,2340028,0.19747227368474482
교대(법원.검찰청),1444623,1406517,2851140,385418,2465722,0.13518031383937654
노원,1290024,1404998,2695022,554932,2140090,0.2059100074136686
영등포,1327025,1332813,2659838,716881,1942957,0.26952054974776657
청량리(서울시립대입구),1325268,1331118,2656386,684413,1971973,0.2576481731194186
신촌,1290696,1301604,2592300,561835,2030465,0.21673224549627743
공덕,1282609,1298483,2581092,431177,2149915,0.1670521624180773
천호(풍납토성),1238558,1294820,2533378,565134,1968244,0.22307527735695187
당산,1233025,1288499,2521524,486402,2035122,0.19290000809034535
명동,1229348,1289220,2518568,629839,1888729,0.250078219051461
동대문역사문화공원(DDP),1234244,1236930,2471174,575980,1895194,0.23307949986524623
혜화,1207338,1210428,2417766,558674,1859092,0.23107033517718423
을지로3가,1209361,1204306,2413667,429923,1983744,0.17812026265429323
왕십리(성동구청),1221472,1176389,2397861,521242,1876619,0.21737790472425217
양재(서초구청),1164783,1225648,2390431,359603,2030828,0.15043437773355517
종각,1211186,1175246,2386432,367380,2019052,0.1539453041192877
연신내,1189422,1127718,2317140,490845,1826295,0.21183225873274814
수서,1147095,1164788,2311883,466549,1845334,0.2018047626112567
노량진,1150195,1137331,2287526,511089,1776437,0.22342434577792777
광화문(세종문화회관),1061032,1129973,2191005,375635,1815370,0.17144415462310675
수유(강북구청),1087530,1091054,2178584,451638,1726946,0.2073080496322382
대림(구로구청),1058552,1075808,2134360,482365,1651995,0.22599983133117188
충무로,1035517,1065181,2100698,338031,1762667,0.16091365822217188
동대문,1035421,1031514,2066935,490088,1576847,0.2371085689680614
부천,1009147,1006209,2015356,464827,1550529,0.23064262591820006
디지털미디어시티,984945,985954,1970899,309405,1661494,0.15698673549481734
신논현,974508,993649,1968157,414379,1553778,0.21054163870057113
압구정,937766,999261,1937027,370841,1566186,0.1914485445995332
남부터미널(예술의전당),951322,958302,1909624,360041,1549583,0.18854025713962538
부평,933412,975215,1908627,485150,1423477,0.25418795815002093
회현(남대문시장),915229,967265,1882494,364518,1517976,0.19363567692646033
마곡나루(서울식물원),947071,920513,1867584,285702,1581882,0.15297946437750592
김포공항,979792,878829,1858621,453830,1404791,0.24417565496139343
범계,918094,921932,1840026,373691,1466335,0.20309006503168978
금정,910192,924996,1835188,353820,1481368,0.1927976861226207
안국,900034,934440,1834474,422084,1412390,0.2300844819823012
경복궁(정부서울청사),895736,903400,1799136,420319,1378817,0.23362269444889103
회기,917405,873180,1790585,356465,1434120,0.19907739649332482
창동,873830,909703,1783533,371549,1411984,0.2083219093787443
쌍문,920307,855153,1775460,348722,1426738,0.19641219740236332
영등포구청,868049,887955,1756004,274961,1481043,0.15658335630214965
성신여대입구(돈암),888170,861793,1749963,358709,1391254,0.20498090531056942
낙성대(강감찬),881716,861106,1742822,358096,1384726,0.20546906109746146
화곡,900775,841798,1742573,330263,1412310,0.18952606289664767
구의(광진구청),877792,858521,1736313,332518,1403795,0.19150809790631068
까치산,873927,839589,1713516,340017,1373499,0.1984323461234094
역곡,852329,844905,1697234,314792,1382442,0.18547354106740732
군자(능동),876555,813269,1689824,349151,1340673,0.20661974264775504
인덕원,836926,852164,1689090,309652,1379438,0.18332474882925126
신사,808254,848747,1657001,300504,1356497,0.18135414522984597
야탑,805328,849886,1655214,304546,1350668,0.18399191886970506
강변(동서울터미널),862363,786651,1649014,415406,1233608,0.2519117484751494
강남구청,772690,876250,1648940,244041,1404899,0.14799871432556672
뚝섬,800171,841505,1641676,311020,1330656,0.18945273001493595
모란,825397,811880,1637277,359188,1278089,0.21938132643407315
미아사거리,821903,809824,1631727,338928,1292799,0.20771121639833134
안양,814753,802185,1616938,303528,1313410,0.1877177727284534
송내,808167,798983,1607150,296439,1310711,0.18445011355505087
종합운동장,752025,823574,1575599,400478,1175121,0.25417507881129653
신대방,787862,757716,1545578,329463,1216115,0.21316491306165072
신당,755080,774792,1529872,316317,1213555,0.20676043485990986
잠실새내,771511,754557,1526068,321616,1204452,0.2107481449057316
상봉,766683,747075,1513758,319085,1194673,0.21078996774913825
발산,741605,761439,1503044,260533,1242511,0.173336908300755
봉은사,724122,771716,1495838,318370,1177468,0.21283721900366215
종로5가,746333,732274,1478607,301886,1176721,0.2041691943836327
봉천,760533,714713,1475246,284677,1190569,0.1929691725990106
서현,725531,739118,1464649,284462,1180187,0.1942185465596194
개봉,727529,712417,1439946,283539,1156407,0.19690946743836227
철산,711104,725465,1436569,259614,1176955,0.180718085939485
광명사거리,718605,709055,1427660,286290,1141370,0.20053093873891542
문래,701156,725337,1426493,233422,1193071,0.16363347033599182
신용산,677249,736626,1413875,313874,1100001,0.22199557952435683
문정,688217,718353,1406570,162064,1244506,0.11521929232103628
길음,698056,697400,1395456,245883,1149573,0.17620261763896533
오목교(목동운동장앞),674196,715457,1389653,280355,1109298,0.2017446081863602
구파발,703234,682254,1385488,287258,1098230,0.2073334449666832
학동,679336,702535,1381871,170897,1210974,0.12367073337525716
불광,670220,695577,1365797,294331,1071466,0.2155012787405449
가양,689587,671599,1361186,249175,1112011,0.18305727505278485
서초,695199,663742,1358941,243489,1115452,0.17917554919602838
을지로4가,676332,666564,1342896,226710,1116186,0.1688217106909247
동묘앞,660940,681048,1341988,429004,912984,0.31967797029481637
석촌,636242,668565,1304807,301546,1003261,0.23110391038674685
석계,634570,667371,1301941,253774,1048167,0.19491973906651683
신설동,661809,637813,1299622,278706,1020916,0.2144515866921305
여의나루,620103,678807,1298910,430332,868578,0.33130239970436753
총신대입구(이수),618744,665991,1284735,259584,1025151,0.20205256336909946
의정부,620503,630423,1250926,302411,948515,0.24174971181348856
상계,641499,603775,1245274,263034,982240,0.2112258025141455
어린이대공원(세종대),611682,632151,1243833,242919,1000914,0.19529872579357518
장한평,626024,616679,1242703,210446,1032257,0.16934537053503532
중앙,608018,633069,1241087,280069,961018,0.22566427655756607
삼송,625649,607120,1232769,240957,991812,0.19545997668662984
이대,585979,625401,1211380,216418,994962,0.17865409698030346
국회의사당,601070,602654,1203724,203704,1000020,0.1692281619374541
미사,594501,602670,1197171,250304,946867,0.209079571757084
압구정로데오,576644,620382,1197026,256695,940331,0.21444396362317944
정자,576116,605600,1181716,170744,1010972,0.14448818497845506
청담,565082,610470,1175552,176170,999382,0.1498615118684669
논현,572210,599070,1171280,173810,997470,0.14839321084625368
응암,584053,586718,1170771,239018,931753,0.20415435640274657
홍제,597401,565495,1162896,238888,924008,0.20542507670505358
서대문,579398,578027,1157425,133095,1024330,0.11499233211655183
방배,569091,584159,1153250,160811,992439,0.13944157814871017
강동,583894,563132,1147026,213514,933512,0.18614573688826583
주안,589526,528819,1118345,241090,877255,0.21557748279824204
망원,538677,579197,1117874,299991,817883,0.26835850909852094
염창,571485,545296,1116781,210927,905854,0.18887051266094249
산본,545535,569653,1115188,242015,873173,0.21701722041485383
가락시장,549000,566030,1115030,192629,922401,0.17275678681291087
하계,574032,538708,1112740,202306,910434,0.18180886819921993
화정,547374,564587,1111961,223818,888143,0.20128223921522428
선정릉,537811,567212,1105023,146532,958491,0.1326053846843007
병점,550625,549894,1100519,225499,875020,0.20490241422456132
평촌,558725,541148,1099873,166434,933439,0.15132110707327118
구로,537517,548075,1085592,234598,850994,0.21610144511013346
목동,516451,557403,1073854,186676,887178,0.17383741178968462
도봉산,551695,519374,1071069,269184,801885,0.25132274391285714
이수,540514,525784,1066298,206229,860069,0.19340653363318697
장지,542987,501829,1044816,197737,847079,0.1892553329964319
올림픽공원(한국체대),520717,517129,1037846,361833,676013,0.34863842997901423
숙대입구(갈월),523144,513707,1036851,197346,839505,0.19033207278577152
제기동,509551,523039,1032590,237327,795263,0.22983662441046301
한성대입구(삼선교),519012,513148,1032160,215769,816391,0.2090460781274221
성균관대,520696,510749,1031445,196196,835249,0.1902146987963488
사가정,510238,516118,1026356,202193,824163,0.19700084571045523
온수(성공회대입구),529679,492999,1022678,171032,851646,0.16723934610894142
미아(서울사이버대학),517932,498886,1016818,192093,824725,0.18891581384279194
약수,513180,501150,1014330,198062,816268,0.19526386876065974
독산,503704,507216,1010920,148189,862731,0.1465882562418391
마곡,503437,505501,1008938,158960,849978,0.1575518019937796
아차산(어린이대공원후문),505680,496119,1001799,249909,751890,0.24946022106230892
상록수,495603,497669,993272,197928,795344,0.19926867967686596
잠실나루,496639,486363,983002,149979,833023,0.15257242609882787
숭실대입구(살피재),489627,489080,978707,156125,822582,0.1595216954614609
암사,504559,466228,970787,183563,787224,0.18908679246837876
충정로(경기대입구),468968,498757,967725,139556,828169,0.14421039034849775
미금,475417,490775,966192,168689,797503,0.17459159256131287
답십리,508784,457200,965984,171283,794701,0.17731453108954184
이촌(국립중앙박물관),482047,482310,964357,258539,705818,0.26809469936963176
한티,469813,492522,962335,186565,775770,0.19386700057672224
동암,476331,478882,955213,210871,744342,0.22075809269764962
태릉입구,474372,480636,955008,187757,767251,0.19660254154939016
한양대,456467,498483,954950,94345,860605,0.09879574846850621
우장산,477851,477050,954901,173462,781439,0.18165443328680145
남구로,460842,482672,943514,140397,803117,0.148802243527918
망포,477915,463322,941237,146933,794304,0.15610627291532314
면목,477782,460052,937834,171273,766561,0.1826261363951403
죽전,452365,483334,935699,175109,760590,0.1871424464491252
삼각지(전쟁기념관),460706,473736,934442,232677,701765,0.24900100808824946
신대방삼거리,473594,456005,929599,174142,755457,0.18733023594044312
수원시청,449369,479116,928485,188489,739996,0.20300704911764864
내방,462113,462997,925110,135781,789329,0.14677281620564042
평택,460820,459344,920164,256418,663746,0.2786655422294287
마포,458181,461620,919801,138713,781088,0.1508076203439657
녹번,476072,437621,913693,159318,754375,0.17436710142246903
안암(고대병원앞),454786,458226,913012,119016,793996,0.13035535129877812
중계,471405,438313,909718,161605,748113,0.17764296188489181
상왕십리,452949,444256,897205,167865,729340,0.18709770899627176
마포구청,467456,424477,891933,169476,722457,0.19000978773069277
상일동,454732,436164,890896,149827,741069,0.16817563441748531
대방,435152,451151,886303,162884,723419,0.18377913648041358
정부과천청사,431618,453114,884732,126253,758479,0.14270197076628854
도곡,436515,442780,879295,142402,736893,0.1619501987387623
회룡,426756,423380,850136,179782,670354,0.2114743993902152
둔촌동,427054,422075,849129,164843,684286,0.19413186924483794
동인천,438863,408059,846922,198067,648855,0.23386687321854904
동대입구,393489,452886,846375,192713,653662,0.2276922168069709
신길,433720,410829,844549,164878,679671,0.19522609108530115
서울숲,410388,431279,841667,197593,644074,0.23476386742025052
이태원,396772,443564,840336,247297,593039,0.29428347708535635
가천대,418575,417464,836039,104644,731395,0.12516640970098286
외대앞,417946,411858,829804,146138,683666,0.17611146728625074
인천공항1터미널,421936,404928,826864,227703,599161,0.27538144120435765
남한산성입구(성남법원.검찰청),429210,392276,821486,134373,687113,0.16357308584686775
공릉(서울과학기술대),412738,404456,817194,156111,661083,0.1910329738103804
새절(신사),419377,396261,815638,156590,659048,0.19198467947790565
마들,418544,395133,813677,145804,667873,0.1791914973632043
매봉,408481,396992,805473,127055,678418,0.15773961386663488
태평,409352,395231,804583,164747,639836,0.20476072698528305
상도,401169,395114,796283,133980,662303,0.16825676298501915
수락산,397834,396811,794645,168120,626525,0.21156617105751624
자양(뚝섬한강공원),400060,391253,791313,262281,529032,0.3314503868886269
신정(은행정),426279,356327,782606,142664,639942,0.18229351678878006
등촌,393899,380543,774442,133431,641011,0.1722930832780247
월곡(동덕여대),395423,376729,772152,120732,651420,0.15635781555963074
영등포시장,380468,381790,762258,155996,606262,0.20464986920439013
대치,382073,375658,757731,136497,621234,0.18013912589032255
단대오거리,389155,368036,757191,135314,621877,0.1787052408177065
수내,377031,376111,753142,115836,637306,0.15380366517867813
중앙보훈병원,402522,350415,752937,106293,646644,0.14117117368385404
대화,401184,350025,751209,199600,551609,0.2657050168461773
광나루(장신대),378439,365783,744222,169206,575016,0.22735957819037866
오산,372647,371354,744001,173902,570099,0.23373893314659525
상수,354178,388230,742408,175488,566920,0.23637676318143122
돌곶이,383236,358800,742036,130104,611932,0.1753338112975651
안산,382727,358594,741321,188431,552890,0.2541827359537906
양평,371446,368618,740064,133460,606604,0.1803357547455355
원당,372858,361247,734105,145847,588258,0.19867321432220186
신풍,376652,356629,733281,138844,594437,0.18934623970892467
대곡,385442,347336,732778,148266,584512,0.20233413121027105
천왕,370738,362009,732747,119044,613703,0.16246262352490012
화서,368026,359158,727184,178536,548648,0.24551695306827434
보라매,360141,354609,714750,137858,576892,0.19287583071003847
언주,352429,357957,710386,101769,608617,0.14325873539174477
오류동,366510,341665,708175,145590,562585,0.20558477777385534
효창공원앞,358386,349756,708142,122726,585416,0.1733070485863005
원흥,360341,346019,706360,129922,576438,0.1839317062121298
중화,351943,349805,701748,129750,571998,0.18489543254843618
금천구청,346030,354280,700310,135490,564820,0.1934714626379746
제물포,356199,341946,698145,124807,573338,0.1787694533370575
남성,355436,341867,697303,126179,571124,0.18095289995884142
양천향교,344294,352779,697073,101865,595208,0.14613247106113708
일원,350915,343804,694719,98802,595917,0.14221865243357387
화랑대(서울여대입구),378185,316252,694437,113712,580725,0.16374703536821913
운서,336223,355401,691624,176123,515501,0.2546513712653118
정왕,345174,346332,691506,133896,557610,0.19362955635959775
아현,353287,334412,687699,129286,558413,0.18799794677613316
강동구청,335476,340559,676035,113347,562688,0.16766439607416775
기흥,346516,326760,673276,111994,561282,0.16634188653687343
한대앞,333502,335211,668713,133147,535566,0.1991093338995952
중곡,343637,323316,666953,117530,549423,0.17621931380472086
일산,334866,331161,666027,123297,542730,0.18512312563905067
한강진,300932,364418,665350,175698,489652,0.2640685353573307
대흥(서강대앞),324504,339224,663728,113734,549994,0.1713563387411711
인천공항2터미널,366271,297122,663393,184541,478852,0.27817749056743135
백석,324973,333871,658844,132268,526576,0.20075769074318048
흑석(중앙대입구),324375,327361,651736,102427,549309,0.15716026121006052
대청,337099,313845,650944,108086,542858,0.16604500540753123
오리,346347,301986,648333,110036,538297,0.1697214240212977
고덕,325196,318935,644131,108472,535659,0.1684005272219471
신정네거리,318280,325844,644124,120567,523557,0.18717979767870782
먹골,322355,319092,641447,124860,516587,0.1946536502626094
방학,322701,316300,639001,133354,505647,0.20869137919971956
보문,322273,311357,633630,124902,508728,0.1971213484210028
거여,317256,315003,632259,106779,525480,0.1688849031805004
오금,322437,306466,628903,101236,527667,0.1609723598074743
송파,312245,307273,619518,107776,511742,0.17396750376905917
샛강,301320,316955,618275,83378,534897,0.13485584893453562
서울대벤처타운,322777,295329,618106,129934,488172,0.21021313496390587
남영,299497,316700,616197,119432,496765,0.19382113187827918
옥수,303292,307761,611053,129917,481136,0.2126116719826267
두정,291920,318465,610385,130192,480193,0.21329488765287483
망월사,304635,305130,609765,109097,500668,0.17891646781956982
굽은다리(강동구민회관앞),308996,294024,603020,122300,480720,0.20281251036449868
의왕,303302,299353,602655,98388,504267,0.16325758518555392
장승배기,304009,298470,602479,107399,495080,0.17826181493462842
증산(명지대앞),300175,301422,601597,123789,477808,0.2057673159939295
서정리,304750,293907,598657,137884,460773,0.23032220453448302
영통,296476,299557,596033,115021,481012,0.19297757003387397
구일,293496,302492,595988,166585,429403,0.27951066128848234
복정,319712,275845,595557,102831,492726,0.17266357376372035
고려대(종암),303157,291078,594235,105347,488888,0.17728171514636465
광흥창(서강),305307,287371,592678,99048,493630,0.16711941391446958
도농,304579,283897,588476,111823,476653,0.1900213432663354
불암산,312076,273068,585144,127198,457946,0.21737896996294928
계양,289544,291487,581031,115644,465387,0.19903240963046723
길동,285669,290180,575849,115456,460393,0.2004970052913177
몽촌토성(평화의문),281416,289984,571400,125583,445817,0.2197812390619531
고잔,291065,280284,571349,113119,458230,0.1979858195253689
주엽,289018,280144,569162,108923,460239,0.1913743363049536
광운대,289837,279188,569025,102294,466731,0.17977066034005537
중동,293912,274685,568597,112545,456052,0.19793456525447725
선유도,294118,273082,567200,92690,474510,0.16341678420310296
명학,280884,275409,556293,73335,482958,0.13182801149753817
하남시청(덕풍·신장),285574,269040,554614,114267,440347,0.20602977926990665
독립문,260999,278414,539413,123591,415822,0.2291212855455838
소사,271490,253906,525396,114625,410771,0.21816877174550245
명일,263123,261708,524831,104566,420265,0.1992374688232974
남위례,262838,260735,523573,91150,432423,0.1740922469264076
부개,270105,252607,522712,104318,418394,0.1995707005004668
신이문,272481,249365,521846,100506,421340,0.1925970497043189
오이도,258517,259131,517648,120139,397509,0.23208628257039532
정발산,256755,258755,515510,133040,382470,0.2580745281371845
봉화산(서울의료원),265120,247915,513035,87264,425771,0.17009365832740456
경기광주,262386,249591,511977,92872,419105,0.1813987737730406
석수,265112,245807,510919,102897,408022,0.20139591598668283
삼전,262710,247598,510308,92144,418164,0.18056546242661295
마두,249937,253059,502996,87500,415496,0.1739576457864476
인하대,258592,244060,502652,78898,423754,0.15696346577751605
천안,263095,236994,500089,140639,359450,0.2812279414264261
금호,257315,239482,496797,97498,399299,0.19625319798630023
보라매병원,244677,251040,495717,58002,437715,0.11700627575814426
구성,246545,249154,495699,91481,404218,0.1845494947538728
방이,243433,248323,491756,99280,392476,0.20188874157102302
야당,242972,248626,491598,107638,383960,0.21895532528610775
청라국제도시,250240,240369,490609,93054,397555,0.1896703892509106
삼성중앙,241634,248434,490068,55711,434357,0.11368014234759258
구리,235972,251789,487761,106423,381338,0.21818677590049224
망우,247845,239154,486999,106288,380711,0.21825096150094764
지축,240785,244127,484912,91278,393634,0.1882362160556967
행신,238393,241780,480173,90240,389933,0.18793226607910066
운정,245987,233587,479574,100466,379108,0.20949008912076134
탄현,243947,233828,477775,92103,385672,0.192774841714196
석촌고분,240681,236647,477328,92312,385016,0.1933932222706399
행당,251402,224532,475934,87843,388091,0.18456970924539956
증미,240509,233007,473516,62102,411414,0.13115079532687385
백마,237144,232242,469386,81082,388304,0.17274055894295953
선바위,249021,220012,469033,90306,378727,0.19253655926128865
대공원,230943,235309,466252,222269,243983,0.4767143090002831
경찰병원,232723,231823,464546,69084,395462,0.1487129369319723
양주,234931,225462,460393,105364,355029,0.2288566507310059
잠원,234310,225481,459791,84537,375254,0.1838596231766172
월계,237918,218957,456875,76605,380270,0.16767168262653898
구산,257907,198757,456664,86719,369945,0.18989672932396687
관악,229532,223022,452554,97845,354709,0.21620624279091555
방화,227447,220259,447706,88776,358930,0.19829084265120414
청구,227938,219503,447441,79332,368109,0.17730158836584042
양천구청,215364,226523,441887,77533,364354,0.17545888428489637
백운,222947,218824,441771,90172,351599,0.2041148015600843
지행,216150,219716,435866,100488,335378,0.23054792069122163
마천,230445,205233,435678,78808,356870,0.1808858836112909
덕정,223896,211392,435288,82366,352922,0.18922184852327653
덕계,224923,208937,433860,85318,348542,0.19664868851703315
신방화,218373,214137,432510,78237,354273,0.18089061524589026
반포,219428,212922,432350,85535,346815,0.1978374002544235
하남검단산,221456,209105,430561,107737,322824,0.25022470683596515
암사역사공원,228281,201744,430025,74027,355998,0.1721458054764258
애오개,214490,208056,422546,70844,351702,0.16765985241843492
상월곡(한국과학기술연구원),217989,203873,421862,69767,352095,0.16537872574443777
금촌,212097,206850,418947,98871,320076,0.23599882562710797
평내호평,211089,206123,417212,76795,340417,0.1840670929886964
신금호,199952,213671,413623,73972,339651,0.17883918447475117
가능,210791,202588,413379,83155,330224,0.20115922676284959
이매,213024,200098,413122,83993,329129,0.2033128228465199
개롱,204150,208718,412868,74214,338654,0.17975236637375627
산성,202589,208158,410747,78414,332333,0.19090583741329822
군포,206340,199256,405596,61905,343691,0.15262724484462373
당정,206363,197371,403734,67891,335843,0.16815774742776185
풍산,205516,194997,400513,86117,314396,0.2150167410296295
경마공원,200462,200022,400484,272434,128050,0.6802618831214231
북한산보국문,209005,190940,399945,79348,320597,0.19839727962594858
송파나루,193167,204127,397294,87414,309880,0.2200234586980926
송정,198518,192054,390572,82444,308128,0.2110852800507973
성환,199946,189230,389176,66714,322462,0.1714237260262709
검암,192149,193096,385245,75823,309422,0.1968176095731288
가좌,195514,185391,380905,72144,308761,0.18940155681862933
강일,194640,182360,377000,68337,308663,0.18126525198938992
개화산,191677,183821,375498,68182,307316,0.181577531704563
마장,191308,180907,372215,67690,304525,0.18185725991698345
고색,187604,184165,371769,52662,319107,0.14165247774827916
판교,186500,179993,366493,64188,302305,0.17514113502849987
녹사평(용산구청),178602,185513,364115,100191,263924,0.2751630666135699
인천,182871,180478,363349,126006,237343,0.346790551233112
수리산,185916,177197,363113,118556,244557,0.32649891356134314
도봉,185046,177781,362827,70607,292220,0.19460238626122092
용마산(용마폭포공원),182251,180439,362690,74299,288391,0.2048553861424357
문산,183327,178021,361348,88882,272466,0.2459734106733675
솔샘,184757,174664,359421,65155,294266,0.18127766602396633
인천논현,174390,184040,358430,72382,286048,0.20194180174650558
월드컵경기장(성산),176746,180150,356896,147306,209590,0.412742087330763
간석,182907,173635,356542,73515,283027,0.2061888921922242
매탄권선,180145,176145,356290,62152,294138,0.1744421678969379
대모산입구,181165,173321,354486,59683,294803,0.16836490016530978
덕소,176456,177688,354144,76057,278087,0.21476292129755128
소래포구,180035,169665,349700,92906,256794,0.2656734343723191
신흥,172359,176591,348950,71610,277340,0.20521564694082248
매교,172943,171866,344809,60121,284688,0.17436029802006328
중랑,176669,166785,343454,74387,269067,0.2165850448677261
온양온천,170231,173148,343379,92150,251229,0.26836236345262815
수진,176119,164096,340215,69395,270820,0.20397395764443071
원종,169695,165637,335332,71074,264258,0.21195114095881096
과천,174172,160036,334208,72574,261634,0.2171521926464956
상갈,169624,160760,330384,61789,268595,0.18702176860864933
대야미,172456,152134,324590,73164,251426,0.22540435626482638
초지,161346,162844,324190,59306,264884,0.18293593263209845
신반포,161509,158331,319840,64757,255083,0.2024668584292146
평택지제,165781,153003,318784,73055,245729,0.22916771230676572
동작(현충원),161273,154457,315730,87928,227802,0.2784911158268141
사리,168251,147189,315440,60334,255106,0.19126933806746133
금릉,158583,154541,313124,66088,247036,0.2110601550823316
연수,157068,155037,312105,70900,241205,0.22716713926402973
송탄,154239,150131,304370,86407,217963,0.2838880310148832
영종,148023,151552,299575,74558,225017,0.2488792455979304
원인재,145376,152857,298233,65867,232366,0.22085751744441426
당곡,152260,145075,297335,57382,239953,0.19298770746800747
하남풍산,149504,147819,297323,58767,238556,0.1976537301184234
신갈,149149,147965,297114,47963,249151,0.16142961960728877
청명,150318,146602,296920,51232,245688,0.17254479321029234
정릉,157625,138961,296586,59902,236684,0.2019717720998294
오목천,159585,136249,295834,46824,249010,0.15827795317644355
아산,154509,137446,291955,66874,225081,0.22905584764775394
노들,158525,132490,291015,61637,229378,0.21180007903372677
둔촌오륜,143787,140935,284722,48886,235836,0.1716973047393598
능곡,145281,138881,284162,58607,225555,0.20624502924388202
반월,143801,139278,283079,59808,223271,0.21127671074152446
녹양,145135,137791,282926,59852,223074,0.21154648211899932
숭의,147077,135150,282227,52760,229467,0.18694171712841082
신목동,148284,133911,282195,47002,235193,0.166558585375361
마석,141034,137771,278805,58135,220670,0.20851491185595666
가오리,138167,136648,274815,52903,221912,0.19250404817786512
오산대,140946,131686,272632,57703,214929,0.211651603626867
무악재,135821,135299,271120,50313,220807,0.18557465329005607
4.19민주묘지,133894,129066,262960,47245,215715,0.17966610891390325
역촌,120149,142552,262701,50580,212121,0.19253828497036554
개포동,128657,132784,261441,46655,214786,0.17845326479014387
녹천,139806,119322,259128,50113,209015,0.19339091105554013
사평,130663,126513,257176,45391,211785,0.17649780694932654
호구포,124681,128250,252931,43235,209696,0.170935946957866
도화,130100,119903,250003,52078,197925,0.20830950028599657
화계,120176,112514,232690,46221,186469,0.1986376724397267
초월,119197,112007,231204,42549,188655,0.1840322831784917
구룡,115494,112149,227643,38225,189418,0.16791643055134575
세류,117878,109041,226919,51025,175894,0.22485997206051497
도원,111703,114606,226309,53772,172537,0.23760433743244855
관악산(서울대),113509,111727,225236,63771,161465,0.2831296950753876
한남,112246,111196,223442,39353,184089,0.17612176761754728
세마,113792,107645,221437,44280,177157,0.19996658191720446
광명,119680,101072,220752,51046,169706,0.23123686308617816
한성백제,117014,103013,220027,50823,169204,0.23098528816917924
창신,117790,101332,219122,35779,183343,0.1632834676572868
남춘천,108321,109410,217731,63447,154284,0.29140085702081925
서원,113295,100018,213313,44423,168890,0.20825266158180702
서울지방병무청,101251,111313,212564,40632,171932,0.19115184132778834
여주,107080,105295,212375,56672,155703,0.2668487345497351
퇴계원,110433,101880,212313,42640,169673,0.2008355588211744
북한산우이,108296,103091,211387,69588,141799,0.3291971597118082
양원,104302,102544,206846,36325,170521,0.1756137416242035
한국항공대,106369,100129,206498,24762,181736,0.11991399432440024
이천,98807,105174,203981,54950,149031,0.26938783514150827
수색,101404,102544,203948,31734,172214,0.15559848588855982
용답,100861,101050,201911,40417,161494,0.2001723531655036
쌍용(나사렛대),101982,97868,199850,34364,165486,0.17194896172129095
동두천중앙,99188,94722,193910,43707,150203,0.22539838069207363
강매,104242,87638,191880,34248,157632,0.1784865540963102
월곶,99295,92059,191354,38077,153277,0.1989872174085726
공항시장,88528,94114,182642,37186,145456,0.2036004861970412
신내,93584,88720,182304,29582,152722,0.1622674214498859
부천종합운동장,93809,84218,178027,31456,146571,0.17669229948266274
삼양사거리,88644,86098,174742,36329,138413,0.2079007908802692
신창(순천향대),89979,83273,173252,26707,146545,0.15415117862997252
독바위,81471,87657,169128,34882,134246,0.20624615675701244
용문,84098,82888,166986,57199,109787,0.3425376977710706
보라매공원,78508,87498,166006,31044,134962,0.1870052889654591
송도,87315,78690,166005,34840,131165,0.20987319659046413
도심,91833,73466,165299,30439,134860,0.1841450946466706
갈매,86944,78252,165196,29054,136142,0.1758759291992542
학여울,81404,82377,163781,42203,121578,0.2576794622086811
솔밭공원,83013,79788,162801,32870,129931,0.20190293671414794
삼양,79313,83321,162634,31920,130714,0.1962689228574591
별내,82894,75541,158435,32690,125745,0.206330671884369
부발,79457,78169,157626,38503,119123,0.24426807760141092
응봉,81593,75445,157038,45512,111526,0.2898152039633719
서빙고,77965,74926,152891,43597,109294,0.28515085910877686
서강대,77298,74983,152281,32242,120039,0.21172700468213368
보정,80082,71924,152006,24459,127547,0.1609081220478139
탕정,81305,68586,149891,30537,119354,0.20372804237746095
곤지암,74109,73998,148107,35469,112638,0.23948226619943688
소요산,72713,72729,145442,61179,84263,0.42064190536433765
용두(동대문구청),72281,71097,143378,27841,115537,0.19417902328111705
삼동,73593,69486,143079,24677,118402,0.17247115230047735
버티고개,71198,70823,142021,27766,114255,0.1955062983643264
공항화물청사,60189,80661,140850,33652,107198,0.23892083777067802
남동인더스파크,65730,73591,139321,13497,125824,0.09687699628914521
동두천,69536,68693,138229,23295,114934,0.1685246945286445
사릉,69876,67967,137843,26282,111561,0.19066619269748916
구반포,72759,64917,137676,19744,117932,0.14340916354339173
신길온천,70984,63547,134531,30691,103840,0.22813329269833718
월롱,71677,62668,134345,20976,113369,0.15613532323495477
개화,78572,54912,133484,24064,109420,0.18027628779479188
장암,91382,40624,132006,32765,99241,0.24820841476902564
가평,65711,65158,130869,38312,92557,0.29275076603320876
양수,65029,64170,129199,36597,92602,0.28326070635221634
춘천,68610,57901,126511,35597,90914,0.28137474211728625
신포,62069,61311,123380,28976,94404,0.2348516777435565
청평,61388,60457,121845,36041,85804,0.29579383643153184
신답,54898,60744,115642,20448,95194,0.1768215700178136
금곡,55280,53466,108746,19836,88910,0.18240670921229288
진위,56523,51506,108029,19979,88050,0.1849410806357552
도림천,50768,55551,106319,30832,75487,0.2899952031151535
천마산,53863,51094,104957,23054,81903,0.21965185742732737
신둔도예촌,53507,48966,102473,22596,79877,0.22050686522303437
어천,51709,50567,102276,22460,79816,0.21960186162931675
보산,52567,48752,101319,28961,72358,0.2858397733889991
파주,50396,42224,92620,17080,75540,0.1844094148132153
배방,45749,45174,90923,20740,70183,0.22810509991971228
서동탄,47928,40523,88451,18075,70376,0.20435043131225197
남태령,48015,39519,87534,16596,70938,0.1895949002673247
봉명,42930,43003,85933,14467,71466,0.16835208825480316
전곡,42016,39283,81299,25023,56276,0.3077897637117308
성남,42559,37238,79797,14556,65241,0.18241287266438588
연천,39319,38507,77826,24185,53641,0.31075733045511783
직산,34967,34644,69611,15869,53742,0.2279668443205815
팔당,30197,31247,61444,22456,38988,0.36547099798190225
대성리,29368,30246,59614,27605,32009,0.4630623679001577
운길산,29810,29252,59062,22418,36644,0.3795672344316142
국수,24375,23523,47898,11865,36033,0.24771389202054367
야목,25805,21485,47290,9264,38026,0.19589765278071475
곡산,18990,20376,39366,7605,31761,0.1931870141746685
아신,18605,18593,37198,9793,27405,0.2632668423033496
강촌,17023,17386,34409,11485,22924,0.3337789531808538
김유정,15446,16782,32228,11488,20740,0.35646022092590296
양정,16998,14813,31811,7413,24398,0.23303259878658325
상천,13525,13140,26665,10623,16042,0.39838739921245075
원덕,13581,13051,26632,9010,17622,0.3383148092520276
세종대왕릉,12680,12846,25526,7409,18117,0.2902530752957769
오빈,10427,10506,20933,5392,15541,0.2575837194859791
신원,7290,6476,13766,4407,9359,0.32013656835682114
굴봉산,5110,5085,10195,3822,6373,0.3748896517900932
청산,5053,4454,9507,2661,6846,0.2798990217734301
백양리,3609,3568,7177,2408,4769,0.33551623240908457
달월,3337,2456,5793,1243,4550,0.21456930778525807
지평,2351,2237,4588,1142,3446,0.24891020052310375
임진강,859,955,1814,1189,625,0.655457552370452
운천,122,139,261,110,151,0.421455938697318
신중동,1,0,1,0,1,0.0
