gu_name,admdong_name,living_admdong_cd,young_population,young_single_households,young_low_weekend_outing_group,young_very_low_outing_group,young_single_ratio,young_homebound_ratio,residential_dominance_score
관악구,신림동,1121069,13642.0,10974.6,1284.3600000000001,197.14,0.804471485119484,0.1085984459756634,8.08394400108597
광진구,화양동,1105053,18607.0,13309.15,1621.96,246.68,0.7152765088407589,0.10042672112645779,7.495292110105046
성북구,안암동,1108060,10479.0,6793.31,1019.64,158.76000000000002,0.6482784616852754,0.11245347838534211,6.597023456529541
금천구,가산동,1118051,12348.0,8041.75,1026.56,205.15,0.6512593132491091,0.09974975704567542,6.48714326224849
관악구,대학동,1121073,12108.0,8022.62,666.72,359.23,0.6625883713247439,0.08473323422530558,6.184876568685447
동대문구,이문1동,1106089,12736.0,7776.43,996.21,257.28000000000003,0.6105865263819096,0.09842101130653266,6.143353025747161
강남구,역삼1동,1123064,17408.0,10964.09,872.37,413.91,0.6298305376838236,0.07389016544117646,6.041550922688604
서대문구,신촌동,1113075,19682.0,10843.58,1623.24,197.72,0.550938928970633,0.09251905294177422,5.965457932386967
관악구,청룡동,1121080,16609.0,10719.9,893.44,193.14,0.6454271780360046,0.06542115720392558,5.909322440429031
성동구,사근동,1104055,8959.0,5260.51,774.93,148.56,0.5871760241098337,0.10307958477508651,5.6672629807715955
영등포구,영등포동,1119074,14078.0,8242.93,829.67,216.18,0.5855185395652792,0.07428967182838471,5.436137554525891
동대문구,회기동,1106071,8370.0,4966.38,608.16,118.98,0.5933548387096774,0.08687455197132617,5.239231928099233
관악구,행운동,1121057,13444.0,7653.91,803.67,189.18,0.5693179113359119,0.07385078845581672,5.233757585782774
마포구,서교동,1114066,12772.0,6924.87,785.6,306.94,0.5421915126839962,0.08554181020983401,5.232562683831354
관악구,서원동,1121064,11159.0,6162.51,690.6700000000001,259.33,0.5522457209427368,0.08513307644054127,5.159936900416741
성북구,동선동,1108083,7977.0,4806.8,522.1,125.65,0.6025824244703523,0.0812022063432368,5.122909558326405
관악구,서림동,1121066,11000.0,6329.860000000001,625.54,209.41,0.5754418181818183,0.07590454545454545,5.114685324862386
구로구,구로3동,1117054,10605.0,5585.9,740.49,251.67,0.5267232437529467,0.09355586987270155,5.089819831231124
관악구,신사동,1121068,10266.0,5541.91,678.29,203.23,0.5398314825638029,0.08586791350087668,4.97670455328652
종로구,혜화동,1101073,10254.0,5754.97,574.86,201.66,0.561241466744685,0.0757284961966062,4.908842613871819
중구,명동,1102055,1106.0,596.22,81.65,115.31,0.5390777576853526,0.17808318264014467,4.796532315467213
관악구,조원동,1121072,8212.0,4192.04,634.2,114.26,0.5104773502191914,0.09114223088163663,4.600565005875769
강서구,가양1동,1116064,12326.0,6618.32,545.46,222.15,0.5369398020444588,0.06227567742982314,4.564749483286043
관악구,중앙동,1121061,7071.0,3917.72,405.72,141.0,0.5540545891670202,0.07731862537123463,4.472003969341374
강남구,논현1동,1123052,10254.0,5462.22,438.01,223.57999999999998,0.5326916325336454,0.06452018724400234,4.378511063478357
송파구,문정2동,1124069,9560.0,4775.7300000000005,481.90999999999997,186.03,0.4995533472803348,0.06986820083682008,4.140138786278234
관악구,낙성대동,1121058,12966.0,6385.6,568.69,167.45,0.49248804565787446,0.05677464136973624,4.088688735443177
광진구,군자동,1105054,10449.0,4738.3,643.56,191.81,0.45346923150540724,0.07994736338405588,4.0740315093019355
중구,신당동,1102069,5222.0,2184.95,558.53,82.02,0.4184124856376867,0.12266373037150516,4.045154685282571
관악구,신원동,1121065,7511.0,3497.31,442.4,225.48,0.4656250832112901,0.08892025029956065,4.041908951460701
종로구,종로1·2·3·4가동,1101061,3300.0,1793.9299999999998,204.06,117.36,0.5436151515151515,0.0974,4.034398523674198
마포구,대흥동,1114060,7620.0,3682.0,413.42,186.24,0.4832020997375328,0.07869553805774279,3.9614661763303767
중구,을지로동,1102060,1180.0,787.14,84.08,28.150000000000002,0.6670677966101695,0.09511016949152543,3.889276960697531
관악구,인헌동,1121062,11050.0,5381.96,349.63,200.77,0.4870552036199095,0.049809954751131216,3.68747209122122
종로구,숭인2동,1101071,4319.0,2245.24,272.76,37.37,0.5198518175503588,0.07180597360500116,3.484341080011757
종로구,종로5·6가동,1101063,2175.0,1278.68,131.10999999999999,37.54,0.5878988505747127,0.07754022988505746,3.457971533356197
서대문구,연희동,1113076,14741.0,6265.59,514.4,210.79000000000002,0.42504511227189473,0.049195441286208536,3.4249578832738936
동작구,사당1동,1120063,9737.0,4490.91,414.43,108.65,0.4612211153332649,0.05372085858067167,3.410196014228772
영등포구,신길1동,1119063,7399.0,3298.0,366.8,158.4,0.445735910258143,0.07098256521151508,3.3941820273583665
중구,광희동,1102059,2985.0,1443.6,203.12,85.52000000000001,0.4836180904522613,0.09669681742043551,3.371929332227351
용산구,청파동,1103071,8295.0,3644.5,403.44,144.43,0.4393610608800482,0.06604822182037372,3.3391853850138022
동대문구,용신동,1106081,12472.0,5213.7300000000005,474.78999999999996,159.82999999999998,0.4180347979474022,0.05088357921744707,3.215394101734295
중구,장충동,1102058,3023.0,1614.8500000000001,159.52,56.68,0.5341878928217003,0.07151835924578234,3.206439857769251
광진구,구의1동,1105060,9219.0,3967.36,326.59,167.97,0.4303460245145895,0.05364573164117583,3.0628799097275934
금천구,독산1동,1118052,15366.0,5516.4,620.97,270.34,0.3590003904724717,0.0580053364571131,3.059939274792828
동대문구,휘경2동,1106073,9103.0,3753.54,391.12,155.76,0.412340986487971,0.060076897726024384,3.041146851891104
동작구,상도1동,1120053,18684.0,6504.63,627.33,306.1,0.34813904945407836,0.049958788268036826,2.9692373300353014
마포구,연남동,1114071,6688.0,2959.79,306.39,87.94,0.44255233253588516,0.05896082535885167,2.9515160236932174
중구,필동,1102057,2398.0,1170.98,159.34,51.440000000000005,0.48831526271893244,0.08789824854045038,2.950335694643991
중구,소공동,1102052,848.0,409.75,50.27,64.63,0.4831957547169811,0.13549528301886793,2.9386686902845884
영등포구,당산2동,1119056,14031.0,5430.75,436.47,153.78,0.38705366688047893,0.04206756467821253,2.8321712285164615
용산구,한강로동,1103073,9198.0,3502.66,327.85,253.88,0.38080669710806697,0.06324527071102413,2.8315717059748904
송파구,잠실본동,1124071,11003.0,4329.74,340.54,208.79999999999998,0.3935054076161047,0.049926383713532675,2.819749243895637
송파구,방이2동,1124058,10536.0,4094.32,353.37,211.88,0.38860288534548215,0.05364939255884586,2.81769661367326
중랑구,상봉2동,1107060,7582.0,3040.45,373.11,106.94,0.40100896860986546,0.06331442891057769,2.8113668651310277
강남구,논현2동,1123053,7878.0,3215.65,228.55,225.92000000000002,0.40818101040873317,0.057688499619192694,2.7811779052518046
광진구,능동,1105059,4877.0,2207.02,203.81,100.15,0.45253639532499484,0.062325199917982375,2.775905088718794
강서구,등촌1동,1116052,10195.0,3949.24,371.91,144.96,0.38737027954879844,0.050698381559588036,2.6954006078281205
관악구,남현동,1121063,7806.0,3084.73,389.7,69.77,0.3951742249551627,0.05886113246220855,2.676863792375974
구로구,가리봉동,1117070,4311.0,1920.1,217.29999999999998,65.98,0.4453954998840176,0.06571097193226628,2.657568943171849
강남구,대치4동,1123063,6588.0,2708.36,218.82999999999998,172.41,0.4111050394656952,0.05938676381299332,2.6520898676128826
종로구,이화동,1101064,3975.0,1698.7,201.35999999999999,85.58,0.4273459119496855,0.07218616352201258,2.5619255461280472
송파구,삼전동,1124064,11577.0,4120.84,283.15,283.44,0.35595059169042065,0.04894100371426103,2.4877835173376215
성동구,용답동,1104070,5625.0,2196.9700000000003,323.99,48.76,0.3905724444444445,0.06626666666666667,2.453264394329433
노원구,공릉1동,1111079,12434.0,4111.91,448.4,218.98,0.33069889013993886,0.05367379765160045,2.4341794630797735
동대문구,제기동,1106082,9025.0,3021.4900000000002,312.13,232.0,0.33479113573407204,0.06029141274238227,2.2840245237106025
관악구,보라매동,1121052,8561.0,3016.2799999999997,351.85,122.09,0.3523279990655297,0.05536035509870343,2.276514153930804
구로구,구로5동,1117056,11449.0,3495.91,432.21,268.71999999999997,0.3053463184557603,0.06122194078085422,2.271983354756401
강서구,화곡1동,1116073,18829.0,5443.48,453.75,398.32,0.289100855063997,0.04525306707738063,2.256594124908272
구로구,오류1동,1117067,8008.0,2619.67,377.68,162.88,0.3271316183816184,0.0675024975024975,2.25406509103878
성북구,삼선동,1108082,8374.0,2947.8,262.26,187.82,0.35201815142106524,0.053747313112013376,2.20849824951784
용산구,남영동,1103053,2159.0,1071.91,96.5,32.39,0.4964844835572024,0.059698934691987025,2.2012748593404705
영등포구,대림2동,1119071,6420.0,2217.17,338.14,86.97,0.34535358255451715,0.0662165109034268,2.15849676502196
동대문구,휘경1동,1106072,6801.0,2576.81,240.52,92.9,0.3788869283928834,0.0490251433612704,2.121008473815244
강북구,번1동,1109060,5975.0,2096.36,264.49,127.57,0.35085523012552305,0.06561673640167363,2.1180468738402163
용산구,이태원1동,1103065,2901.0,1121.33,149.36,92.4,0.3865322302654257,0.08333678042054464,2.1043732118115273
광진구,자양1동,1105064,7967.0,2590.58,268.96000000000004,212.72,0.3251638006777959,0.06045939500439313,2.052198606794165
강북구,수유3동,1109065,7640.0,2453.41,313.36,172.15,0.32112696335078533,0.06354842931937173,2.0417834365426235
송파구,석촌동,1124063,11815.0,3817.2,290.79,211.53,0.3230808294540838,0.042515446466356334,2.0210019215080552
동작구,대방동,1120068,11080.0,3355.13,355.15999999999997,231.54,0.3028095667870036,0.05295126353790613,2.002237860358556
성북구,정릉3동,1108064,7278.0,2363.01,331.88,119.04,0.3246784830997527,0.06195658147842814,1.9839995671558792
중구,황학동,1102067,5004.0,1916.46,208.87,51.04,0.38298561151079136,0.051940447641886496,1.8917606958662285
종로구,삼청동,1101054,916.0,426.95,79.87,7.93,0.4661026200873362,0.09585152838427949,1.8777087493165385
마포구,합정동,1114068,6923.0,2444.17,174.67,143.03,0.3530507005633396,0.045890509894554385,1.8102025487404827
강남구,역삼2동,1123065,9015.0,2952.9900000000002,193.93,197.4,0.3275640599001664,0.043408763172490296,1.787551889265943
은평구,대조동,1112058,9824.0,2940.9300000000003,293.74,186.38,0.2993617671009772,0.048872149837133554,1.7302681174453798
동작구,신대방2동,1120070,6783.0,2165.27,246.55,136.69,0.3192201090962701,0.056500073713696,1.7134988639239137
용산구,한남동,1103074,6406.0,2297.77,157.06,116.09,0.35869029035279426,0.0426397127692788,1.697960171912857
마포구,성산2동,1114073,11865.0,3612.5699999999997,290.71,147.9,0.304472819216182,0.03696670880741677,1.6958289002457747
송파구,송파1동,1124061,9359.0,3007.46,197.26,178.59,0.3213441607009296,0.04015920504327385,1.684832059046276
동작구,노량진1동,1120072,12745.0,3250.19,283.37,399.71,0.2550168693605335,0.05359591996861514,1.6619816520725266
동작구,노량진2동,1120052,4617.0,1531.97,213.25,92.28,0.33181069958847736,0.06617500541477149,1.6548552723670218
영등포구,양평1동,1119061,6677.0,2190.02,207.78,120.99,0.3279946083570466,0.049239179272128196,1.6034256470664516
마포구,서강동,1114076,10071.0,3025.7000000000003,260.93,164.12,0.3004368980240294,0.04220534207129382,1.6023392492961441
동작구,상도3동,1120055,8021.0,2325.8,226.82000000000002,222.93,0.28996384490711885,0.056071562149357934,1.5859289083370638
성북구,월곡2동,1108072,6805.0,2072.13,234.56,155.41,0.3045011021307862,0.05730639235855989,1.5858515371371296
서초구,반포1동,1122057,9301.0,2926.25,225.55,137.59,0.31461670788087304,0.03904311364369423,1.5812362332981535
강북구,미아동,1109070,6768.0,2083.0,217.18,161.55,0.30777186761229314,0.0559589243498818,1.57993280520352
서초구,서초2동,1122052,7689.0,2536.88,196.69,117.16999999999999,0.3299362725972168,0.04081935232149825,1.5695430475165153
관악구,은천동,1121078,10821.0,2954.01,280.96,236.02,0.2729886332131966,0.04777562147675816,1.5306453248174487
마포구,성산1동,1114072,6545.0,1981.55,171.3,148.28,0.30275783040488924,0.04882811306340719,1.3122477079717196
동작구,흑석동,1120071,13478.0,3101.6,357.81,289.82,0.23012316367413563,0.04805089775931147,1.3039345743724349
강동구,천호2동,1125073,10739.0,2727.82,295.46999999999997,207.55,0.25401061551354875,0.04684048794114908,1.2910647156435262
마포구,망원1동,1114069,6933.0,2113.73,140.79,167.81,0.30487956151738066,0.04451175537285447,1.290415297026079
강동구,성내2동,1125066,8214.0,2436.44,215.26999999999998,111.58,0.29662040418797175,0.0397918188458729,1.2750846670445053
성북구,종암동,1108084,12258.0,2953.87,248.26,308.13,0.24097487355196606,0.045389949420786425,1.2558893620721616
서대문구,남가좌2동,1113070,9275.0,2320.17,245.22,229.54,0.25015309973045824,0.051187061994609165,1.1936404748275333
강남구,삼성2동,1123059,8581.0,2415.38,132.46,216.47,0.2814800139843841,0.04066309287961776,1.1855272004046522
용산구,보광동,1103070,4728.0,1585.63,138.43,72.73,0.33537013536379023,0.044661590524534694,1.1788424218028155
동대문구,전농1동,1106083,9529.0,2438.6,230.91,215.14000000000001,0.25591352712771537,0.04680973869241264,1.1782540052935986
성북구,성북동,1108081,5271.0,1708.5900000000001,152.76,75.66,0.3241491178144565,0.043335230506545246,1.153453889388818
동작구,사당4동,1120066,4809.0,1454.6000000000001,153.48999999999998,115.47,0.30247452692867544,0.05592846745685173,1.143762482162003
성동구,마장동,1104054,7622.0,2168.9500000000003,218.42000000000002,104.77,0.2845644187877198,0.0424022566255576,1.1299126262259869
영등포구,당산1동,1119055,7825.0,2256.36,175.89000000000001,131.44,0.2883527156549521,0.03927539936102237,1.121123387991104
강서구,화곡본동,1116055,11759.0,2864.02,276.49,196.79,0.2435598265158602,0.04024832043541117,1.1102070321008728
마포구,공덕동,1114077,11845.0,2862.62,271.45,195.45999999999998,0.2416732798649219,0.03941831996623047,1.0762257336865853
서대문구,충현동,1113073,6680.0,2009.73,177.93,82.16,0.30085778443113775,0.03893562874251497,1.067707832722658
영등포구,도림동,1119075,7021.0,1847.92,208.93,160.51,0.26319897450505625,0.052619285002136446,1.063663009072153
구로구,구로4동,1117055,7745.0,1791.3899999999999,182.98,296.47,0.2312963202065849,0.06190445448676566,1.0471069194668634
성북구,보문동,1108061,5237.0,1586.24,150.9,99.11,0.3028909681115142,0.047739163643307235,1.0381283977507596
노원구,공릉2동,1111056,15499.0,3234.0099999999998,357.36,271.83,0.20865926833989287,0.04059552229176076,1.0198085855782586
강동구,둔촌1동,1125070,6177.0,1879.02,155.47,85.97000000000001,0.30419621175327827,0.03908693540553667,1.0190285810715625
영등포구,신길6동,1119068,5140.0,1362.76,186.57,141.21,0.2651284046692607,0.06377042801556419,1.0165229840857868
서초구,서초3동,1122053,10072.0,2603.5299999999997,166.07,200.07999999999998,0.2584918586179507,0.03635325655281969,1.0068412325057994
성동구,성수1가2동,1104066,5060.0,1523.26,127.94999999999999,116.67999999999999,0.3010395256916996,0.04834584980237154,0.9957638208811109
용산구,이태원2동,1103066,3351.0,1202.65,81.26,63.080000000000005,0.35889286780065655,0.04307370934049538,0.9893183139918853
광진구,자양4동,1105067,8627.0,2253.0,237.18,113.83,0.261156833198099,0.04068737684015301,0.9721337694906385
용산구,용산2가동,1103052,3856.0,1290.21,107.62,68.62,0.3345980290456432,0.04570539419087137,0.9702245632556106
서초구,양재2동,1122067,7500.0,2159.21,145.59,118.82,0.2878946666666667,0.03525466666666666,0.9684396648471709
광진구,중곡2동,1105056,7153.0,1895.1599999999999,154.39,165.14000000000001,0.26494617642947016,0.0446707675101356,0.90463978577358
광진구,중곡1동,1105055,5689.0,1620.92,155.21,105.63,0.28492177887150644,0.04584988574441906,0.8942535844065947
노원구,월계1동,1111051,7398.0,1805.28,273.33,110.89999999999999,0.2440227088402271,0.051937010002703426,0.8918034922584719
영등포구,양평2동,1119062,8215.0,2214.58,167.19,127.02,0.26957760194765673,0.03581375532562386,0.887601393026331
중랑구,면목본동,1107071,10675.0,2325.9700000000003,208.41,298.62,0.21788946135831383,0.04749695550351288,0.8874034068717602
마포구,상암동,1114074,8061.0,2105.4,209.04000000000002,107.58,0.26118347599553404,0.03927800521027168,0.8615953825167671
은평구,응암1동,1112059,9152.0,2234.85,168.74,199.85,0.2441925262237762,0.040274256993007,0.8388520539554769
서초구,서초1동,1122051,6725.0,1852.7,146.64,117.78999999999999,0.27549442379182154,0.03932044609665427,0.8163920297793312
강동구,길동,1125074,14172.0,2957.02,257.07,253.85,0.208652272085803,0.03605136889641546,0.8063418673075642
동작구,상도4동,1120056,9047.0,2095.62,215.17,185.9,0.2316370067425666,0.04433182270365867,0.7844094480314074
강서구,화곡6동,1116061,8357.0,2013.5,190.53,163.94,0.24093574249132463,0.042415938733995455,0.7544130809326841
성동구,성수2가3동,1104068,3801.0,1119.97,118.21000000000001,86.37,0.2946514075243357,0.05382267824256775,0.7474965405181784
강동구,천호3동,1125063,8508.0,2086.82,174.78,157.45,0.24527738598965682,0.03904913023037142,0.7391673272165001
양천구,신정4동,1115072,10611.0,2422.39,235.81,147.85,0.22829045330317593,0.036156818396004146,0.7187715701479676
중구,신당5동,1102065,3238.0,918.87,127.88,71.23,0.28377702285361334,0.06149166151945646,0.6460501358085937
은평구,진관동,1112071,12090.0,2583.95,198.91,209.93,0.2137262200165426,0.03381637717121588,0.6343016884932475
광진구,중곡3동,1105057,5265.0,1349.01,132.06,131.77,0.25622222222222224,0.05011016144349478,0.6036451824901309
종로구,가회동,1101060,1068.0,379.88,25.34,58.56,0.3556928838951311,0.07855805243445693,0.5736674818731987
동대문구,장안1동,1106087,10900.0,2134.79,230.6,255.29,0.19585229357798165,0.04457706422018348,0.5708256296172807
동작구,상도2동,1120054,8505.0,1896.5,178.21,181.98000000000002,0.2229864785420341,0.04235038212815991,0.565556813923007
용산구,원효로1동,1103072,5946.0,1595.85,143.11,71.32,0.2683905146316852,0.036062899428187016,0.5210045724731556
구로구,구로2동,1117071,9071.0,1802.74,204.68,242.4,0.19873663322676663,0.04928673795612391,0.5197710269850024
중랑구,중화2동,1107062,7402.0,1611.52,170.43,182.8,0.21771413131586057,0.04772088624696028,0.48319956876881276
은평구,응암3동,1112073,6856.0,1539.56,183.21,138.75,0.2245565927654609,0.046960326721120195,0.4592646116525609
강남구,청담동,1123078,7533.0,1638.42,127.64,205.38,0.2174990043807248,0.04420815080313288,0.412301006320716
강남구,세곡동,1123076,11690.0,2459.77,138.73000000000002,182.23,0.21041659538066723,0.02745594525235244,0.3980886047799372
강남구,신사동,1123051,4339.0,1132.66,98.13,111.41999999999999,0.26104171468080206,0.048294537911961276,0.39599382051964616
마포구,신수동,1114063,6578.0,1482.55,134.34,167.33,0.2253800547278808,0.04586044390392217,0.3952651074254794
서대문구,홍은2동,1113068,8369.0,1757.81,183.67,168.67999999999998,0.21003823634842872,0.042101804277691474,0.3878104019624632
성북구,석관동,1108085,10227.0,2003.6000000000001,196.93,208.82999999999998,0.1959127798963528,0.03967536912095434,0.37796763240015935
중랑구,묵2동,1107065,5465.0,1198.4099999999999,150.58,153.71,0.21928819762122595,0.05567978042086002,0.3631498696398616
관악구,미성동,1121083,9091.0,1863.97,137.89,215.31,0.20503464965350346,0.03885161148388516,0.3381834885726356
중구,다산동,1102070,4694.0,1245.04,92.5,97.64,0.26524073285044736,0.040507030251384746,0.33466447854463466
강북구,송중동,1109071,8154.0,1793.28,168.12,128.12,0.21992641648270786,0.03633063527103262,0.33207718143818743
강서구,공항동,1116069,7676.0,1791.58,151.62,96.28,0.23340020844189682,0.032295466388744136,0.32055842773681914
종로구,사직동,1101053,2587.0,812.33,54.22,64.19,0.31400463857750294,0.04577116350985697,0.3186081940989401
성동구,성수2가1동,1104067,5164.0,1166.33,130.23,142.21,0.22585786212238573,0.05275755228505035,0.3039569023466759
도봉구,쌍문3동,1110053,5131.0,1165.62,115.55,149.54000000000002,0.22717209121029036,0.05166439290586631,0.2847557465550619
금천구,독산3동,1118054,8619.0,1732.49,186.06,163.81,0.20100823761457245,0.04059287620373593,0.27325377853700633
강남구,일원1동,1123073,4436.0,1076.3799999999999,86.14,135.45,0.2426465284039675,0.04995266005410279,0.25719994386625167
서초구,방배4동,1122065,6350.0,1479.28,121.91,115.98,0.23295748031496064,0.03746299212598425,0.23360060850360523
중구,회현동,1102054,1191.0,378.33,35.82,52.74,0.3176574307304786,0.07435768261964736,0.20857481302723135
강서구,방화2동,1116071,6893.0,1591.47,133.57999999999998,96.56,0.23088205425794284,0.03338749455969824,0.199088050683338
성동구,송정동,1104069,3411.0,907.57,108.81,57.76,0.2660715332746995,0.04883318674875403,0.19665638092379037
서초구,양재1동,1122066,11752.0,2093.21,141.71,272.59,0.17811521443158612,0.035253573859768544,0.19652585477459403
양천구,목2동,1115052,9412.0,1852.3799999999999,152.59,181.07,0.1968104547386315,0.03545048873778155,0.19090773552268128
서대문구,북가좌2동,1113072,9345.0,1695.71,136.71,268.6,0.18145639379347245,0.04337185660781167,0.1875719242683979
중랑구,면목3·8동,1107072,7627.0,1499.8,171.59,168.54000000000002,0.19664350334338535,0.044595515930247805,0.18349288703656585
은평구,불광2동,1112072,7622.0,1571.0,121.42,178.07,0.20611388087116242,0.03929283652584624,0.16607012813903643
강서구,가양2동,1116065,4527.0,1120.12,102.46,89.34,0.24743096973713274,0.04236801413739784,0.14390913717669104
영등포구,대림1동,1119070,4772.0,1059.95,140.01,102.59,0.22211860854987428,0.050838222967309304,0.1243623147343511
은평구,역촌동,1112074,12752.0,1999.01,176.66000000000003,316.93,0.15676050815558343,0.038706869510664994,0.08822250131204021
마포구,염리동,1114061,5841.0,1322.41,111.38,111.34,0.22640130114706386,0.03813045711350796,0.08146208646285208
관악구,난곡동,1121081,7768.0,1236.06,115.0,341.53000000000003,0.15912203913491246,0.0587705973223481,0.07081911487394071
동대문구,답십리1동,1106091,8317.0,1607.6399999999999,168.56,143.66,0.1932956594926055,0.03753997835758086,0.06179332669649859
서초구,방배1동,1122062,4976.0,1184.22,74.07,120.02000000000001,0.2379863344051447,0.039005225080385855,0.058287026439807654
용산구,후암동,1103051,5198.0,1235.88,97.52,89.24000000000001,0.23776067718353214,0.035929203539823006,0.027344397156424866
중랑구,망우본동,1107073,9693.0,1655.33,154.27,241.15,0.17077581760033012,0.0407943877024657,0.024515170788972737
금천구,시흥1동,1118057,10081.0,1796.44,170.48,182.54,0.17820057533974804,0.035018351354032334,0.02096025358284201
광진구,구의3동,1105062,8482.0,1645.72,144.88,139.35,0.19402499410516388,0.03350978542796511,-0.008074339822324639
영등포구,여의동,1119054,9252.0,1393.9,102.27,376.65,0.1506593169044531,0.0517639429312581,-0.027530506584676456
은평구,갈현1동,1112055,5300.0,1033.0,92.77,186.84,0.1949056603773585,0.05275660377358491,-0.03907903748653413
강서구,화곡8동,1116063,7975.0,1483.3300000000002,130.17,175.24,0.18599749216300943,0.03829592476489028,-0.05791510839775127
성동구,왕십리도선동,1104071,7630.0,1526.27,130.22,121.15,0.2000353866317169,0.03294495412844037,-0.06573635571892486
강동구,성내3동,1125067,7115.0,1373.52,140.51,137.01999999999998,0.1930456781447646,0.03900632466619817,-0.07843434317754669
동작구,신대방1동,1120069,7091.0,1292.34,156.65,154.41,0.18225074037512337,0.04386687350162177,-0.09715365449901106
중랑구,면목7동,1107057,6427.0,1116.06,116.04,222.12,0.17365178154660027,0.052615528240236506,-0.09927299324462321
성동구,성수1가1동,1104065,5089.0,1108.66,69.84,136.79,0.21785419532324624,0.04060326193751228,-0.1103385975767581
광진구,자양2동,1105065,7458.0,1333.14,142.03,159.06,0.17875301689460982,0.040371413247519444,-0.17349594200850704
구로구,오류2동,1117068,12861.0,1920.1,108.49,296.4,0.14929632221444677,0.0314819998444911,-0.1875194299401982
성동구,왕십리2동,1104052,4988.0,981.1800000000001,135.04,105.08,0.19670809943865278,0.048139534883720934,-0.1997728223885621
마포구,도화동,1114075,6164.0,1243.06,114.82,107.95,0.20166450356911095,0.0361404931862427,-0.20335465973635192
영등포구,영등포본동,1119073,7155.0,1153.14,120.51,239.64999999999998,0.16116561844863733,0.05033682739343116,-0.20376361324986642
성동구,행당1동,1104056,4591.0,980.65,121.85,69.17999999999999,0.21360270093661513,0.041609671095621865,-0.25027712719998274
강북구,수유1동,1109063,5821.0,1086.43,112.42,143.91,0.1866397526198248,0.044035389108400616,-0.25666204278100013
동작구,사당5동,1120067,4353.0,998.33,86.69,66.77,0.2293429818515966,0.03525384792097404,-0.28369098933001674
강북구,송천동,1109072,6926.0,1097.8799999999999,121.82000000000001,207.01,0.1585157377995957,0.04747762056020791,-0.34776031475819724
송파구,가락본동,1124065,8135.0,1363.67,131.81,153.5,0.16762999385371852,0.0350719114935464,-0.3555838407337819
마포구,망원2동,1114070,5729.0,1048.43,80.02,161.75,0.18300401466224472,0.042201082213300746,-0.36660364179404864
종로구,숭인1동,1101070,1910.0,508.03999999999996,54.42,45.06,0.2659895287958115,0.05208376963350785,-0.3680341338776378
강동구,암사1동,1125072,9854.0,1446.1399999999999,120.52000000000001,244.92,0.14675664704688451,0.03708544753399635,-0.38002557060489073
중랑구,묵1동,1107064,9360.0,1380.38,146.0,218.32999999999998,0.14747649572649574,0.0389241452991453,-0.3810018765530435
은평구,불광1동,1112052,10493.0,1543.38,144.9,210.22,0.147086629181359,0.033843514724101784,-0.38646456000919827
강서구,염창동,1116051,11705.0,1725.33,172.84,159.96,0.14740111063648012,0.02843229389149936,-0.39565080539458314
은평구,녹번동,1112051,9349.0,1506.32,117.42,157.24,0.16112097550540164,0.02937854315969623,-0.4309772051664965
중랑구,면목2동,1107052,7004.0,997.7,110.96000000000001,254.15,0.1424471730439749,0.05212878355225586,-0.4458157293202596
영등포구,문래동,1119076,8942.0,1410.21,126.14,159.5,0.15770632968016104,0.03194363677029747,-0.4631396189398658
종로구,창신1동,1101067,1791.0,462.46999999999997,76.66,20.76,0.2582188721384701,0.05439419318816304,-0.46690805023689724
금천구,독산4동,1118055,4949.0,789.66,65.87,198.17,0.15955950697110527,0.05335219236209335,-0.5605206893632053
서초구,잠원동,1122055,8018.0,1358.96,109.9,99.28,0.16948865053629333,0.02608880019955101,-0.5717038372609142
강동구,천호1동,1125061,7641.0,1163.3799999999999,109.11,174.84,0.1522549404528203,0.037161366313309775,-0.5834105049454692
영등포구,신길4동,1119066,3643.0,728.08,83.68,78.67,0.19985726049958827,0.04456491902278343,-0.6000579124189485
노원구,상계2동,1111066,5518.0,840.5,87.73,186.56,0.15231968104385646,0.04970822761870243,-0.6308849217929084
광진구,중곡4동,1105058,8460.0,1231.25,95.59,186.1,0.14553782505910165,0.033296690307328604,-0.6620976011001805
마포구,용강동,1114059,5566.0,1004.94,79.21000000000001,102.8,0.1805497664390945,0.032700323392022994,-0.6679451514300659
노원구,상계6·7동,1111077,9155.0,1173.14,146.37,211.74,0.12814199890770073,0.03911632987438558,-0.6871494271971946
송파구,문정1동,1124068,6327.0,973.54,98.31,144.09,0.15387071281808123,0.03831199620673305,-0.7420619422997752
영등포구,신길5동,1119067,3520.0,686.49,103.9,46.47,0.19502556818181818,0.04271875,-0.7441389623412151
서초구,방배2동,1122063,6458.0,1072.18,98.84,98.65,0.16602353669866832,0.0305806751316197,-0.7464518684224275
양천구,목3동,1115053,6707.0,1058.96,121.17,101.03,0.15788877292381095,0.03312956612494409,-0.7511258585466487
동작구,사당2동,1120073,8525.0,1210.84,108.99,154.4,0.1420340175953079,0.030896187683284455,-0.764297446107324
동대문구,이문2동,1106090,5874.0,931.83,89.99,132.98,0.15863636363636363,0.03795880149812734,-0.7676259256801563
강남구,개포1동,1123068,4258.0,868.04,50.660000000000004,71.4,0.20386096759041802,0.028666040394551433,-0.7752990251978796
영등포구,대림3동,1119072,8156.0,1028.66,142.92,198.66,0.12612309955860718,0.041880823933300636,-0.7778369268585064
은평구,신사1동,1112065,7594.0,1134.61,109.82000000000001,125.91,0.14940874374506188,0.031041611798788518,-0.7835129284268665
은평구,갈현2동,1112056,7958.0,1044.38,92.54,215.07,0.1312364915807992,0.03865418446845941,-0.8073408967785173
강남구,도곡1동,1123066,5521.0,920.94,83.75,102.41,0.16680673790979897,0.03371852925194711,-0.831922751446791
송파구,풍납2동,1124052,7927.0,1128.33,116.89,125.0,0.1423401034439258,0.030514696606534625,-0.8503497015962873
중랑구,면목4동,1107054,5605.0,905.51,96.78,97.1,0.16155396966993754,0.034590544157002676,-0.8641893084590565
성북구,장위2동,1108077,4488.0,682.29,70.55,152.21,0.1520254010695187,0.049634581105169336,-0.8667405170342207
금천구,독산2동,1118053,5930.0,865.0,107.68,133.32999999999998,0.14586846543001686,0.0406424957841484,-0.8690576445060743
동작구,사당3동,1120065,7049.0,1070.01,100.04,108.42999999999999,0.15179599943254363,0.029574407717406725,-0.8694400542249752
종로구,청운효자동,1101072,3191.0,618.65,37.06,96.64,0.19387339392040112,0.04189909119398307,-0.8881346013252057
광진구,구의2동,1105061,7038.0,1097.17,81.84,105.32000000000001,0.15589229894856493,0.026592782040352377,-0.8886249523919327
용산구,용문동,1103059,3559.0,680.01,62.12,70.69,0.1910677156504636,0.037316661983703286,-0.9164290157288519
강서구,방화1동,1116070,11008.0,1259.76,108.03,217.32999999999998,0.11444040697674418,0.02955668604651163,-0.9390473193473751
서대문구,홍제1동,1113062,6550.0,897.18,69.65,175.44,0.13697404580152672,0.03741832061068703,-0.9688125254900019
강남구,개포4동,1123071,6236.0,1013.63,68.72,87.77,0.16254490057729312,0.025094611930724826,-0.9695784296753104
중랑구,중화1동,1107061,5734.0,744.05,64.7,204.35,0.12976107429368677,0.04692186955005232,-0.9877374815576515
도봉구,방학1동,1110055,7290.0,830.93,95.21,237.54,0.11398216735253772,0.04564471879286694,-1.0027820441177726
강북구,인수동,1109075,7586.0,920.74,83.42999999999999,209.05,0.12137358291589771,0.03855523332454522,-1.0162978516893924
용산구,효창동,1103058,3105.0,577.03,73.33,55.75,0.1858389694041868,0.04157165861513687,-1.0277531794955135
종로구,부암동,1101055,2870.0,596.36,44.18,51.62,0.20779094076655052,0.03337979094076655,-1.0486228774460415
중구,청구동,1102072,4150.0,688.62,98.06,58.97,0.16593253012048192,0.03783855421686747,-1.0581903954964067
강서구,가양3동,1116066,4813.0,779.25,91.27,68.69,0.16190525659671723,0.03323498857261583,-1.0628511039894168
강서구,화곡3동,1116058,6273.0,763.3,66.78999999999999,212.74,0.12168021680216802,0.044560816196397256,-1.0726627808079938
강남구,삼성1동,1123058,3865.0,636.04,47.7,111.22999999999999,0.1645640362225097,0.041120310478654595,-1.0736342058696589
마포구,아현동,1114078,8964.0,1087.88,80.81,173.99,0.12136099955377065,0.028424810352521198,-1.0841778691891846
강서구,등촌3동,1116054,8705.0,941.71,90.42,240.94,0.10818035611717404,0.038065479609419875,-1.0920983695702213
동대문구,청량리동,1106080,5283.0,693.46,57.14,178.96,0.13126254022335795,0.044690516751845544,-1.1118222315211528
양천구,목4동,1115054,6336.0,755.97,65.38,208.33,0.11931344696969698,0.043199179292929296,-1.1333626728954511
송파구,방이1동,1124057,4481.0,701.84,62.17,99.08000000000001,0.15662575318009372,0.03598527114483374,-1.1459100147821542
강동구,상일동,1125052,7594.0,1143.3200000000002,0.0,120.65,0.1505557018698973,0.01588754279694496,-1.1464415449247445
동대문구,답십리2동,1106086,7552.0,890.75,95.39,172.29,0.1179488877118644,0.03544491525423729,-1.153969884612102
노원구,상계5동,1111069,5611.0,691.77,100.78,152.79999999999998,0.12328818392443415,0.04519337016574585,-1.1555142520231616
도봉구,창1동,1110059,6395.0,788.84,126.75,124.61,0.1233526192337764,0.03930570758405004,-1.156288120917137
동대문구,장안2동,1106088,8464.0,975.4200000000001,123.82000000000001,145.89000000000001,0.11524338374291117,0.031865548204158795,-1.1606347645169524
성동구,금호2·3가동,1104072,6339.0,808.85,80.91,152.82,0.12759899037703107,0.036871746332229054,-1.160790050526711
강서구,등촌2동,1116053,6046.0,861.73,96.21000000000001,84.35,0.14252894475686403,0.02986437313926563,-1.1653632981937005
도봉구,쌍문1동,1110051,6018.0,799.07,102.31,112.26,0.13277999335327353,0.0356547025589897,-1.1699788009339647
도봉구,도봉1동,1110064,4853.0,578.26,60.15,199.27,0.11915516175561508,0.0534555944776427,-1.175927875769429
양천구,신월1동,1115057,5624.0,713.12,96.6,137.6,0.12679943100995733,0.0416429587482219,-1.1869432332240621
강서구,방화3동,1116072,6301.0,928.6800000000001,66.38,84.99000000000001,0.14738612918584354,0.02402317092524996,-1.1956150309717228
서대문구,천연동,1113052,4912.0,751.72,66.19,87.45,0.15303745928338763,0.031278501628664496,-1.2113810375330067
서대문구,홍제3동,1113064,4751.0,676.13,67.05,116.07000000000001,0.14231319722163754,0.038543464533782365,-1.219552942763247
서대문구,북아현동,1113074,4169.0,666.27,75.56,63.29,0.15981530343007916,0.03330534900455745,-1.2493996625415897
강서구,화곡4동,1116059,6196.0,901.85,95.84,50.61,0.14555358295674628,0.023636216914138152,-1.2502306182465834
성북구,장위1동,1108076,6036.0,741.61,66.0,165.4,0.12286447978793903,0.03833664678595096,-1.252508573035657
구로구,구로1동,1117052,6360.0,831.02,82.0,114.69,0.1306635220125786,0.03092610062893082,-1.258873838373955
종로구,창신2동,1101068,2987.0,477.93,41.52,99.35,0.1600033478406428,0.04716103113491798,-1.2709678903794643
은평구,수색동,1112068,5060.0,809.39,51.42,67.94,0.15995849802371542,0.02358893280632411,-1.2750370636465302
도봉구,쌍문2동,1110052,5149.0,640.91,81.03,140.03,0.1244727131481841,0.042932608273451155,-1.2890737994831525
도봉구,창2동,1110060,8136.0,821.23,77.84,230.53,0.10093780727630286,0.03790191740412979,-1.2971787808835444
성북구,정릉4동,1108065,6898.0,791.05,70.59,175.0,0.11467816758480719,0.03560307335459553,-1.3040730757949115
노원구,하계1동,1111058,6883.0,767.46,86.23,171.72,0.11150079907017289,0.037476391108528254,-1.3122311102774407
강동구,성내1동,1125065,5436.0,771.7,71.44,86.19,0.14196100073583517,0.028997424576894776,-1.3136577643982434
금천구,시흥5동,1118061,5032.0,571.56,58.730000000000004,190.05,0.11358505564387916,0.049439586645469005,-1.326778110293933
성북구,정릉1동,1108062,5020.0,687.07,67.62,106.23,0.13686653386454184,0.03463147410358566,-1.336153430285234
용산구,원효로2동,1103057,3958.0,641.04,62.37,55.01,0.16196058615462353,0.029656392117230923,-1.369228943296756
강서구,우장산동,1116074,11046.0,1045.8,77.62,205.14000000000001,0.09467680608365019,0.025598406663045446,-1.378022576192567
서대문구,홍은1동,1113066,5760.0,731.07,52.809999999999995,135.62,0.12692187500000002,0.032713541666666665,-1.381870419591877
중랑구,망우3동,1107068,4497.0,599.8,50.82,127.43,0.13337780742717367,0.03963753613520125,-1.3854446055231022
구로구,신도림동,1117051,10467.0,1046.95,88.93,157.44,0.10002388458966276,0.02353778542084647,-1.3924418468613609
강북구,삼양동,1109069,6591.0,693.06,79.54,185.51,0.10515248065543922,0.04021392808375057,-1.3998293984443944
중랑구,면목5동,1107055,3587.0,587.67,55.71,58.33,0.16383328686925006,0.03179258433231112,-1.3998949308424466
강동구,둔촌2동,1125071,7224.0,846.0799999999999,54.78,139.7,0.11712070874861572,0.026921373200442966,-1.430041519869141
노원구,상계3·4동,1111076,6042.0,687.16,62.5,161.18,0.11373055279708705,0.03702085402184707,-1.4316161206954088
송파구,장지동,1124081,8836.0,892.3,85.04,165.96,0.10098460842009958,0.02840651878678135,-1.4420688389508411
송파구,가락2동,1124067,8714.0,914.23,59.74,164.04,0.10491507918292403,0.025680514115216893,-1.4568523093855603
은평구,신사2동,1112066,5273.0,724.5699999999999,57.11,81.75,0.1374113407927176,0.026334155129907076,-1.4809640621627014
용산구,서빙고동,1103069,2913.0,511.44,34.14,56.89,0.17557157569515963,0.03124957088911775,-1.4891526205089387
관악구,삼성동,1121082,5476.0,620.74,54.93,157.01,0.1133564645726808,0.038703433162892625,-1.505115313853943
영등포구,신길3동,1119065,4410.0,536.25,58.0,128.76,0.12159863945578231,0.042349206349206345,-1.521271674623658
강서구,화곡2동,1116057,5496.0,732.33,76.44,61.86,0.13324781659388646,0.025163755458515284,-1.5263578997875693
중랑구,상봉1동,1107059,6694.0,661.27,81.09,177.0,0.09878547953391097,0.03855542276665671,-1.5363231969616176
양천구,신월3동,1115059,4233.0,589.46,55.6,81.28,0.13925348452634068,0.03233640444129459,-1.5479925424818886
영등포구,신길7동,1119069,5096.0,621.16,88.6,85.46,0.1218916797488226,0.03415620094191523,-1.560806245827378
관악구,성현동,1121079,7731.0,802.38,75.98,129.26,0.10378734963135429,0.026547665243823567,-1.5879553786884126
중구,중림동,1102068,2911.0,507.51,54.26,24.56,0.17434215046375814,0.027076605977327375,-1.6103920624842287
강북구,우이동,1109074,4988.0,577.23,63.64,120.9,0.11572373696872494,0.03699679230152366,-1.6127455099775636
성북구,정릉2동,1108063,6306.0,722.74,67.94,102.13000000000001,0.11461148112908341,0.02696955280685062,-1.6210119887288132
구로구,개봉1동,1117072,9283.0,779.47,110.91,182.63,0.08396746741355166,0.03162124313260799,-1.6263684489706898
은평구,증산동,1112067,4997.0,650.5,82.05,52.16,0.13017810686411846,0.02685811486892135,-1.6364056945551808
양천구,신정3동,1115066,12677.0,971.6899999999999,79.58,206.53,0.0766498382898162,0.02256921984696695,-1.656694217475675
강북구,수유2동,1109064,5217.0,573.35,69.03,123.64,0.10990032585777267,0.03693118650565459,-1.6610000945280523
도봉구,창5동,1110063,6884.0,653.45,71.24,169.02,0.09492300987797793,0.03490122022080186,-1.6669243630257093
강남구,압구정동,1123077,5627.0,565.51,43.06,178.15,0.10049937799893371,0.03931224453527635,-1.6798804634594113
성북구,장위3동,1108078,4032.0,509.09000000000003,50.870000000000005,96.32000000000001,0.1262624007936508,0.03650545634920635,-1.693952080353064
성동구,옥수동,1104073,6841.0,758.48,67.71000000000001,86.97,0.11087267943283147,0.022610729425522585,-1.7014747452537682
은평구,구산동,1112057,8158.0,741.6,50.949999999999996,185.35999999999999,0.09090463348860015,0.028966658494729097,-1.7016075583709545
송파구,마천1동,1124055,4691.0,541.76,71.48,97.75999999999999,0.11548923470475378,0.036077595395438075,-1.70784774020341
도봉구,방학2동,1110056,4750.0,443.51,41.05,197.95,0.09337052631578947,0.05031578947368421,-1.7226606467775203
노원구,상계8동,1111072,7295.0,723.56,86.50999999999999,109.94,0.09918574366004111,0.02692940370116518,-1.7243593739187044
종로구,창신3동,1101069,1988.0,321.28,23.63,67.07000000000001,0.16160965794768611,0.045623742454728375,-1.739986526904239
서초구,내곡동,1122068,4686.0,573.5,35.230000000000004,106.89,0.12238583013230901,0.030328638497652584,-1.7420436017587835
강동구,암사2동,1125058,4461.0,571.98,51.31,76.07,0.12821788836583725,0.028554135843981168,-1.7502220404620086
양천구,신월6동,1115062,3248.0,515.4,46.53,33.07,0.15868226600985222,0.024507389162561576,-1.7626951939032813
도봉구,창3동,1110061,3510.0,463.13,50.63,76.31,0.13194586894586893,0.03616524216524217,-1.76949103067448
송파구,거여1동,1124053,3511.0,460.37,59.92999999999999,68.41,0.13112218741099402,0.036553688407861,-1.7719495762130408
강동구,고덕2동,1125056,4841.0,581.54,52.58,88.21,0.12012807271224953,0.029082834125180746,-1.7728927222548552
노원구,상계1동,1111065,10062.0,736.35,70.26,240.38,0.07318127608825284,0.030872589942357382,-1.7808631239486425
구로구,고척2동,1117062,7133.0,605.63,75.83,183.64999999999998,0.0849053694097855,0.0363774008131221,-1.7818092143107018
서초구,서초4동,1122054,6102.0,626.59,53.71,118.24000000000001,0.10268600458865947,0.02817928548017044,-1.8296549099165325
노원구,중계2·3동,1111078,8503.0,644.6899999999999,64.24,223.52,0.07581912266258967,0.03384217335058215,-1.836742869059201
금천구,시흥4동,1118060,5523.0,448.22,38.949999999999996,229.06,0.08115516929205142,0.04852616331703784,-1.8377352049239961
송파구,거여2동,1124054,6144.0,636.8,63.51,99.47,0.10364583333333333,0.02652669270833333,-1.8465756459256863
서초구,방배본동,1122061,4650.0,563.89,41.27,84.06,0.12126666666666666,0.026952688172043014,-1.8528186706394363
송파구,풍납1동,1124051,4095.0,537.01,63.89,43.129999999999995,0.13113797313797312,0.026134310134310133,-1.8613131484443055
성동구,금호4가동,1104062,3951.0,518.56,45.81,62.89,0.13124778537079218,0.02751202227284232,-1.8649836437652956
은평구,응암2동,1112060,6279.0,539.28,41.46,195.95000000000002,0.08588628762541806,0.03781016085363912,-1.8684259442203162
구로구,고척1동,1117061,8266.0,675.05,94.03,141.69,0.08166586015001209,0.02851681587224776,-1.8795194627745346
광진구,자양3동,1105066,7831.0,708.04,49.11,131.98,0.09041501723917762,0.023124760566977393,-1.9025800528875205
중구,약수동,1102071,4446.0,595.58,59.11,24.87,0.1339586144849303,0.01888888888888889,-1.9085141799888121
성북구,길음2동,1108068,4883.0,568.29,50.75,72.25,0.11638132295719844,0.02518943272578333,-1.9211012709591793
강남구,개포2동,1123080,10013.0,738.95,51.96,182.96,0.07379906122041346,0.023461500049935087,-1.9582126896386327
강남구,대치2동,1123079,7624.0,670.26,43.69,137.16,0.08791448058761804,0.023721143756558236,-1.9654581370177548
서대문구,홍제2동,1113065,3624.0,401.92,46.58,96.57000000000001,0.11090507726269316,0.03950055187637969,-1.9849288636525866
노원구,월계3동,1111053,8492.0,666.77,83.7,134.0,0.07851742816768724,0.02563589260480452,-1.9864738760912581
강북구,번2동,1109061,4054.0,431.53,45.33,104.25999999999999,0.10644548593981253,0.03689935865811544,-2.0009539288992015
동대문구,전농2동,1106084,5425.0,451.26000000000005,49.7,170.01,0.08318156682027651,0.04049953917050691,-2.017431730303113
노원구,상계10동,1111074,5311.0,465.59,72.31,126.13,0.08766522312182262,0.03736396158915459,-2.0310141327764994
송파구,마천2동,1124056,4700.0,425.19,48.519999999999996,141.94,0.0904659574468085,0.04052340425531915,-2.0340584240376485
송파구,오금동,1124060,9654.0,673.03,47.79,197.24,0.06971514398176921,0.025381189144396105,-2.041569748664346
송파구,가락1동,1124066,6225.0,544.84,72.38,112.36,0.08752449799196788,0.02967710843373494,-2.04949978840564
용산구,이촌2동,1103064,2196.0,338.38,39.19,32.54,0.15408925318761385,0.0326639344262295,-2.0571415384849807
양천구,신월5동,1115061,4042.0,460.97,57.8,60.13,0.11404502721425037,0.02917615042058387,-2.0697786644811673
도봉구,도봉2동,1110065,6601.0,567.39,77.63,102.04,0.08595515830934707,0.027218603241933044,-2.0764479663773336
관악구,청림동,1121054,4382.0,443.21999999999997,62.75,83.1,0.10114559561843907,0.03328388863532633,-2.0972944769327473
도봉구,창4동,1110062,7025.0,567.06,61.519999999999996,129.68,0.08072028469750889,0.027217081850533807,-2.112292255129372
강남구,수서동,1123075,3766.0,487.29,35.68,42.56,0.12939192777482741,0.020775358470525758,-2.1151523188471915
노원구,월계2동,1111052,6407.0,567.83,66.81,89.27,0.08862650226314969,0.024360855314499764,-2.1291431161992076
성동구,금호1가동,1104059,3705.0,410.75,43.78,75.4,0.11086369770580297,0.032167341430499326,-2.1445262585548357
종로구,평창동,1101056,4114.0,452.1,28.79,84.84,0.10989304812834225,0.02762032085561497,-2.1581903653145966
중랑구,신내2동,1107070,5658.0,440.97,54.75,147.27,0.07793743372216332,0.035705196182396606,-2.198246352694255
성북구,돈암1동,1108058,4104.0,451.99,51.36,55.11,0.11013401559454192,0.02594298245614035,-2.198808340256784
강동구,강일동,1125051,9588.0,700.45,47.21,108.98,0.07305486024196914,0.016290154359616185,-2.2021646598066087
구로구,수궁동,1117069,6382.0,504.34,43.99,141.69,0.0790253838921968,0.029094327796928863,-2.2070568595389384
성북구,월곡1동,1108071,6531.0,520.6700000000001,43.12,129.2,0.07972286020517533,0.026384933394579695,-2.2347260459739346
노원구,중계4동,1111064,4718.0,413.16999999999996,45.5,101.23,0.08757312420517167,0.03110004239084358,-2.3211277731948674
구로구,개봉3동,1117065,5413.0,465.44,74.68,59.15,0.08598559024570479,0.024723813042675045,-2.3589013818087627
서초구,반포4동,1122060,4786.0,423.93,35.98,97.41,0.08857709987463436,0.027870873380693686,-2.366601193722893
서초구,방배3동,1122064,5023.0,470.9,33.56,71.92,0.09374875572367111,0.020999402747362134,-2.386977639177756
노원구,상계9동,1111073,5467.0,403.79,68.38,111.4,0.07385952076092922,0.03288458020852387,-2.3941076942113573
강남구,일원2동,1123074,4024.0,454.14,0.0,68.65,0.11285785288270378,0.01706013916500994,-2.397481474171145
관악구,난향동,1121071,3688.0,345.01,30.740000000000002,95.28,0.09354934924078091,0.034170281995661606,-2.404504859488405
구로구,개봉2동,1117064,8523.0,529.13,77.02,122.44,0.06208260002346592,0.02340255778481755,-2.409897947836139
성동구,응봉동,1104058,3832.0,365.62,38.12,78.42,0.09541231732776619,0.030412317327766177,-2.4215526051556218
중랑구,신내1동,1107069,9689.0,496.15,55.46,221.51999999999998,0.05120755495923212,0.028587057487872842,-2.4247869500609074
금천구,시흥3동,1118059,2862.0,318.02,28.73,63.42,0.11111809923130678,0.03219776380153739,-2.4263412379816667
중구,동화동,1102073,2742.0,294.26,28.07,67.50999999999999,0.10731582786287382,0.034857768052516405,-2.471558056980614
강동구,명일1동,1125053,6362.0,448.01,35.46,115.14,0.07041967934611758,0.023671801320339515,-2.5321988072843173
강동구,명일2동,1125054,3889.0,353.77,28.19,81.85,0.09096682951915659,0.028295191565955256,-2.540985213187013
종로구,교남동,1101058,1938.0,289.85,25.36,13.950000000000001,0.14956140350877195,0.020283797729618164,-2.569219593111443
강서구,발산1동,1116067,9037.0,481.3,37.5,174.09,0.05325882483124931,0.023413743498948765,-2.574229339493835
성동구,행당2동,1104057,6355.0,440.89,40.7,102.7,0.06937686860739575,0.022564909520062945,-2.5847048499604526
송파구,송파2동,1124062,5259.0,405.68,35.31,89.56,0.07714014071116182,0.023744057805666477,-2.595573802401569
서대문구,북가좌1동,1113071,4113.0,351.7,32.55,77.48,0.08550936056406516,0.02675176270362266,-2.622774717874887
양천구,신월7동,1115063,5351.0,396.31,37.42,82.36,0.07406279200149504,0.02238460100915717,-2.6762252126626773
송파구,잠실2동,1124079,6768.0,401.53,29.21,144.82,0.05932771867612293,0.025713652482269502,-2.6773577896607943
양천구,신월2동,1115058,5714.0,416.19,51.730000000000004,51.83,0.07283689184459223,0.018123906195309767,-2.7366610945277827
양천구,신월4동,1115060,4665.0,274.17,26.57,121.1,0.05877170418006431,0.03165487674169346,-2.956240838731201
강남구,도곡2동,1123067,6446.0,340.12,26.14,119.17,0.05276450511945392,0.022542662116040956,-2.985202781775814
서초구,반포3동,1122059,4536.0,303.34,23.67,84.18,0.06687389770723104,0.023776455026455028,-2.9866806508457375
도봉구,쌍문4동,1110054,4629.0,309.43,31.33,70.75,0.06684597105206308,0.022052279109958953,-3.007931715656809
노원구,중계본동,1111060,4700.0,285.45,21.259999999999998,106.31,0.06073404255319149,0.02714255319148936,-3.011196263002568
광진구,광장동,1105063,7616.0,365.84000000000003,27.84,112.61,0.04803571428571429,0.01844143907563025,-3.038584910126655
서대문구,남가좌1동,1113069,2687.0,246.91,28.59,34.36,0.09189058429475251,0.023427614439895796,-3.0558737283806257
강북구,번3동,1109062,3995.0,258.17,29.240000000000002,85.15,0.0646232790988736,0.02863329161451815,-3.0592796412587213
서초구,반포2동,1122058,3901.0,275.9,18.02,68.87,0.0707254550115355,0.022273775954883362,-3.103681596894821
강남구,일원본동,1123072,5133.0,289.73,16.47,95.75999999999999,0.05644457432300799,0.021864406779661016,-3.1555377758223426
송파구,잠실6동,1124077,3888.0,209.32,17.52,123.54,0.05383744855967078,0.03628086419753086,-3.173074755875258
노원구,하계2동,1111059,5310.0,292.58,37.49,73.39999999999999,0.05509981167608286,0.020883239171374763,-3.1782492628186945
종로구,무악동,1101057,1661.0,201.49,17.45,14.93,0.12130644190246839,0.0194942805538832,-3.1821889894318933
양천구,신정7동,1115070,6330.0,329.82,29.439999999999998,73.09,0.0521042654028436,0.016197472353870458,-3.182548740601444
성북구,길음1동,1108066,8186.0,310.92,26.06,157.97,0.03798192035182018,0.02248106523332519,-3.1857297135677163
송파구,위례동,1124082,7684.0,307.37,24.189999999999998,145.17000000000002,0.04000130140551796,0.022040603852160334,-3.195939696088473
양천구,신정2동,1115065,4060.0,288.71000000000004,30.919999999999998,35.75,0.07111083743842365,0.016421182266009852,-3.1971357099966062
금천구,시흥2동,1118058,4935.0,246.06,18.78,123.83,0.04986018237082067,0.028897669706180348,-3.2051335917907533
강북구,삼각산동,1109073,6974.0,297.73,27.200000000000003,127.85000000000001,0.042691425293948954,0.022232578147404647,-3.208453903388434
송파구,잠실4동,1124075,6205.0,305.39,27.09,90.31,0.049216760676873486,0.018920225624496374,-3.2192920651545727
송파구,잠실7동,1124078,1890.0,193.35,16.13,29.57,0.1023015873015873,0.02417989417989418,-3.2383137885203186
성북구,돈암2동,1108059,5246.0,256.03000000000003,16.3,111.80000000000001,0.04880480365993138,0.024418604651162794,-3.2802082466556546
양천구,목1동,1115051,6126.0,296.59,26.23,72.42,0.04841495266079007,0.01610349330721515,-3.3276181767782984
노원구,중계1동,1111061,4496.0,239.20999999999998,27.47,75.2,0.05320507117437722,0.02283585409252669,-3.365657550809968
양천구,목5동,1115071,7478.0,314.94,28.22,73.2,0.04211553891414817,0.013562449852901845,-3.3668375993026305
강동구,암사3동,1125059,4126.0,228.64,21.15,65.77,0.05541444498303441,0.021066408143480365,-3.4452256878075707
송파구,잠실3동,1124080,7961.0,246.92000000000002,23.02,169.11,0.03101620399447306,0.024133902776033164,-3.4470109035306127
양천구,신정1동,1115064,3577.0,196.6,20.86,77.13,0.0549622588761532,0.027394464635169136,-3.457357464382873
도봉구,방학3동,1110057,6292.0,229.89,23.75,110.11999999999999,0.0365368722186904,0.021276223776223777,-3.560716308619086
용산구,이촌1동,1103063,5326.0,221.57,13.05,99.99000000000001,0.04160157716860683,0.02122418325197146,-3.5688904136048363
강동구,고덕1동,1125055,4166.0,227.1,18.41,45.84,0.054512722035525686,0.01542246759481517,-3.59998626995331
송파구,오륜동,1124059,3811.0,199.67,17.18,49.09,0.05239307268433482,0.017389136709525063,-3.7077630281291474
서초구,반포본동,1122056,908.0,112.31,19.71,0.0,0.12368942731277534,0.02170704845814978,-3.757645955259504
강남구,대치1동,1123060,3102.0,137.63,10.64,84.49,0.044368149580915534,0.030667311411992262,-3.8415154374762515
양천구,신정6동,1115069,5039.0,183.37,23.25,57.839999999999996,0.03639015677713832,0.016092478666402066,-3.9420716449123434
