filename,seq
seoul_purpose_admdong4_in_20260331.zip,260331
seoul_purpose_admdong4_in_20260330.zip,260330
seoul_purpose_admdong4_in_20260329.zip,260329
seoul_purpose_admdong4_in_20260327.zip,260327
seoul_purpose_admdong4_in_20260326.zip,260326
seoul_purpose_admdong4_in_20260325.zip,260325
seoul_purpose_admdong4_in_20260324.zip,260324
seoul_purpose_admdong4_in_20260323.zip,260323
seoul_purpose_admdong4_in_20260322.zip,260322
seoul_purpose_admdong4_in_20260321.zip,260321
seoul_purpose_admdong4_in_20260320.zip,260320
seoul_purpose_admdong4_in_20260319.zip,260319
seoul_purpose_admdong4_in_20260318.zip,260318
seoul_purpose_admdong4_in_20260317.zip,260317
seoul_purpose_admdong4_in_20260316.zip,260316
seoul_purpose_admdong4_in_20260315.zip,260315
seoul_purpose_admdong4_in_20260314.zip,260314
seoul_purpose_admdong4_in_20260313.zip,260313
seoul_purpose_admdong4_in_20260312.zip,260312
seoul_purpose_admdong4_in_20260311.zip,260311
seoul_purpose_admdong4_in_20260310.zip,260310
seoul_purpose_admdong4_in_20260309.zip,260309
seoul_purpose_admdong4_in_20260308.zip,260308
seoul_purpose_admdong4_in_20260307.zip,260307
seoul_purpose_admdong4_in_20260306.zip,260306
seoul_purpose_admdong4_in_20260305.zip,260305
seoul_purpose_admdong4_in_20260304.zip,260304
seoul_purpose_admdong4_in_20260303.zip,260303
seoul_purpose_admdong4_in_20260302.zip,260302
seoul_purpose_admdong4_in_20260301.zip,260301
